IMO,Nome_Navio,TEU_Capacidade,TEU_Reefer_Estimado,Reefer_Metodo,Classe_Navio,Ano_Construcao,Armador_Operador,Operadores_Confirmados,Tipo_de_Operacao,Aliança,Linhas_Partilhadas,Rota_Servico,Bandeira,LOA,Beam,GT,DWT,Armador_Titular_Verificado,Titularidade_Confirmada,Status_Titularidade,Estrutura_Titularidade,Observacoes_Tecnicas
9526966,MAERSK LEON,8700.0,1200,estimado (NÃO observado) — 15% capado no teto de classe (1200 TEU),Neo-Panamax,2012.0,Maersk,Maersk,exclusivo,Gemini Cooperation,,SIRIUS/96M,Dinamarca,299.0,,90107.0,99714.0,Maersk,False,Não confirmada,Propria,
9526954,MAERSK LOTA,8700.0,1200,estimado (NÃO observado) — 15% capado no teto de classe (1200 TEU),Neo-Panamax,2012.0,Maersk,Maersk,exclusivo,Gemini Cooperation,,SIRIUS/96M,Dinamarca,299.0,,89505.0,100072.0,Maersk,False,Não confirmada,Propria,
9527051,MAERSK LAMANAI,8700.0,1200,estimado (NÃO observado) — 15% capado no teto de classe (1200 TEU),Neo-Panamax,2013.0,Maersk,Maersk,exclusivo,Gemini Cooperation,,SIRIUS/96M,Dinamarca,299.9,45.2,89505.0,99865.0,Maersk,False,Não confirmada,Propria,
9444845,SANTA INES,7800.0,1170,estimado (NÃO observado) — 15% da capacidade TEU,Neo-Panamax,2012.0,Maersk,Maersk,exclusivo,Gemini Cooperation,,SIRIUS/96M,Dinamarca,299.0,,86601.0,92910.0,Maersk,False,Não confirmada,Propria,
9945837,COSCO SHIPPING BRAZIL,14100.0,1500,estimado (NÃO observado) — 15% capado no teto de classe (1500 TEU),Ultra Large (ULCS),2023.0,COSCO,"COSCO, Evergreen, PIL, Yang Ming, CMA CGM, OOCL",partilhado,Ocean Alliance,"Evergreen, PIL, Yang Ming, CMA CGM, OOCL",,Hong Kong,335.0,,146337.0,144774.0,COSCO,False,Não confirmada,Propria,
9945887,COSCO SHIPPING CHILE,14100.0,1500,estimado (NÃO observado) — 15% capado no teto de classe (1500 TEU),Ultra Large (ULCS),2024.0,COSCO,"COSCO, Evergreen, Yang Ming, CMA CGM, PIL",partilhado,Ocean Alliance,"Evergreen, Yang Ming, CMA CGM, PIL",,Hong Kong,335.0,,146329.0,144657.0,COSCO,False,Não confirmada,Propria,
9945851,COSCO SHIPPING URUGUAY,14100.0,1500,estimado (NÃO observado) — 15% capado no teto de classe (1500 TEU),Ultra Large (ULCS),2024.0,COSCO,"COSCO, HMM, PIL, Evergreen, Yang Ming, CMA CGM",partilhado,Ocean Alliance,"HMM, PIL, Evergreen, Yang Ming, CMA CGM",FIL,Hong Kong,335.0,,146337.0,144653.0,COSCO,False,Não confirmada,Propria,
9945875,COSCO SHIPPING PERU,14100.0,1500,estimado (NÃO observado) — 15% capado no teto de classe (1500 TEU),Ultra Large (ULCS),2024.0,COSCO,"COSCO, CMA CGM, Yang Ming, Evergreen",partilhado,Ocean Alliance,"CMA CGM, Yang Ming, Evergreen",,Hong Kong,335.0,,146329.0,144700.0,COSCO,False,Não confirmada,Propria,
9945863,COSCO SHIPPING MEXICO,14100.0,1500,estimado (NÃO observado) — 15% capado no teto de classe (1500 TEU),Ultra Large (ULCS),2024.0,COSCO,"COSCO, HMM, Evergreen, Yang Ming, OOCL, CMA CGM, PIL",partilhado,Ocean Alliance,"HMM, Evergreen, Yang Ming, OOCL, CMA CGM, PIL",FIL,Hong Kong,335.0,,146329.0,144652.0,COSCO,False,Não confirmada,Propria,
9945849,COSCO SHIPPING ARGENTINA,14100.0,1500,estimado (NÃO observado) — 15% capado no teto de classe (1500 TEU),Ultra Large (ULCS),2024.0,COSCO,"COSCO, Evergreen, CMA CGM, Yang Ming, PIL",partilhado,Ocean Alliance,"Evergreen, CMA CGM, Yang Ming, PIL",,Hong Kong,335.0,,146337.0,144653.0,COSCO,False,Não confirmada,Propria,
9938274,CMA CGM SAO PAULO,13200.0,1500,estimado (NÃO observado) — 15% capado no teto de classe (1500 TEU),Large Post-Panamax,2024.0,CMA CGM,CMA CGM,exclusivo,Ocean Alliance,,BEX2/AEM6,Malta,336.0,,129503.0,146036.0,CMA CGM,False,Não confirmada,Propria,
9938262,CMA CGM PARATY,13200.0,1500,estimado (NÃO observado) — 15% capado no teto de classe (1500 TEU),Large Post-Panamax,2024.0,CMA CGM,CMA CGM,exclusivo,Ocean Alliance,,WAX1/FW1,Malta,336.0,,129503.0,145723.0,CMA CGM,False,Não confirmada,Propria,
9938286,CMA CGM BELEM,13200.0,1500,estimado (NÃO observado) — 15% capado no teto de classe (1500 TEU),Large Post-Panamax,2024.0,CMA CGM,CMA CGM,exclusivo,Ocean Alliance,,WAX1/FW1,Malta,336.0,,129503.0,145650.0,CMA CGM,False,Não confirmada,Propria,
9938248,CMA CGM BAHIA,13200.0,1500,estimado (NÃO observado) — 15% capado no teto de classe (1500 TEU),Large Post-Panamax,2023.0,CMA CGM,CMA CGM,exclusivo,Ocean Alliance,,REX2,Malta,336.0,,129503.0,146104.0,CMA CGM,False,Não confirmada,Propria,
9938298,CMA CGM AMAZONIA,13200.0,1500,estimado (NÃO observado) — 15% capado no teto de classe (1500 TEU),Large Post-Panamax,2024.0,CMA CGM,CMA CGM,exclusivo,Ocean Alliance,,REX2,Malta,336.0,,129503.0,145730.0,CMA CGM,False,Não confirmada,Propria,
9722663,CMA CGM COLUMBIA,10034.0,1500,estimado (NÃO observado) — 15% capado no teto de classe (1500 TEU),Large Post-Panamax,2015.0,CMA CGM,CMA CGM,exclusivo,Ocean Alliance,,MEDEX,Malta,300.0,48.2,95680.0,110525.0,CMA CGM,False,Não confirmada,Propria,
9938250,CMA CGM BUZIOS,13200.0,1500,estimado (NÃO observado) — 15% capado no teto de classe (1500 TEU),Large Post-Panamax,2024.0,CMA CGM,"CMA CGM, COSCO, OOCL",partilhado,Ocean Alliance,"COSCO, OOCL",WSA4/TLP2,Malta,336.0,,129503.0,146107.0,CMA CGM,False,Não confirmada,Propria,
9622253,SAN RAPHAEL MAERSK,9669.0,1200,estimado (NÃO observado) — 15% capado no teto de classe (1200 TEU),Neo-Panamax,2014.0,Maersk,Maersk,exclusivo,Gemini Cooperation,,ASE/X4A,Dinamarca,333.2,48.3,118938.0,124458.0,Maersk,False,Não confirmada,Propria,
9622215,SAN MARCO MAERSK,9669.0,1200,estimado (NÃO observado) — 15% capado no teto de classe (1200 TEU),Neo-Panamax,2013.0,Maersk,Maersk,exclusivo,Gemini Cooperation,,ASE/X4A,Dinamarca,333.18,48.2,118938.0,124453.0,Maersk,False,Não confirmada,Propria,
9622227,SAN LORENZO MAERSK,9669.0,1200,estimado (NÃO observado) — 15% capado no teto de classe (1200 TEU),Neo-Panamax,2014.0,Maersk,Maersk,exclusivo,Gemini Cooperation,,ASE/X4A,Dinamarca,333.2,48.2,118938.0,124458.0,Maersk,False,Não confirmada,Propria,
9622241,SAN ANTONIO MAERSK,9669.0,1200,estimado (NÃO observado) — 15% capado no teto de classe (1200 TEU),Neo-Panamax,2014.0,Maersk,Maersk,exclusivo,Gemini Cooperation,,ASE/X4A,Dinamarca,333.2,48.2,118938.0,124458.0,Maersk,False,Não confirmada,Propria,
9622239,SAN AUGUSTIN MAERSK,9669.0,1200,estimado (NÃO observado) — 15% capado no teto de classe (1200 TEU),Neo-Panamax,2013.0,Maersk,Maersk,exclusivo,Gemini Cooperation,,ASE/X4A,Dinamarca,333.2,48.3,118938.0,124470.0,Maersk,False,Não confirmada,Propria,
9622203,SAN NICOLAS MAERSK,9669.0,1200,estimado (NÃO observado) — 15% capado no teto de classe (1200 TEU),Neo-Panamax,2013.0,Maersk,Maersk,exclusivo,Gemini Cooperation,,ASE/X4A,Dinamarca,333.2,48.3,118938.0,124458.0,Maersk,False,Não confirmada,Propria,
9633965,CAP SAN TAINARO,10589.0,1500,estimado (NÃO observado) — 15% capado no teto de classe (1500 TEU),Large Post-Panamax,2014.0,Maersk,Maersk,exclusivo,Gemini Cooperation,,ASE/X4A,Panamá,333.2,48.2,119441.0,131095.0,Maersk,False,Não confirmada,Propria,
9633941,CAP SAN MALEAS,10589.0,1500,estimado (NÃO observado) — 15% capado no teto de classe (1500 TEU),Large Post-Panamax,2014.0,Maersk,Maersk,exclusivo,Gemini Cooperation,,ASE/X4A,Panamá,333.0,,119441.0,131095.0,Maersk,False,Não confirmada,Propria,
9633939,CAP SAN ARTEMISSIO,10589.0,1500,estimado (NÃO observado) — 15% capado no teto de classe (1500 TEU),Large Post-Panamax,2014.0,Maersk,Maersk,exclusivo,Gemini Cooperation,,ASE/X4A,Panamá,333.0,,119441.0,131095.0,Maersk,False,Não confirmada,Propria,
9527063,MAERSK LABREA,8700.0,1200,estimado (NÃO observado) — 15% capado no teto de classe (1200 TEU),Neo-Panamax,2013.0,Maersk,Maersk,exclusivo,Gemini Cooperation,,SAFRAN1/NEOSAMBA,Dinamarca,299.0,,89505.0,99798.0,Maersk,False,Não confirmada,Propria,
9527049,MAERSK LANCO,8700.0,1200,estimado (NÃO observado) — 15% capado no teto de classe (1200 TEU),Neo-Panamax,2013.0,Maersk,Maersk,exclusivo,Gemini Cooperation,,SAFRAN1/NEOSAMBA,Dinamarca,299.0,,90107.0,99792.0,Maersk,False,Não confirmada,Propria,
9630420,XIAMEN EXPRESS,10100.0,1500,estimado (NÃO observado) — 15% capado no teto de classe (1500 TEU),Large Post-Panamax,2015.0,Hapag-Lloyd,Hapag-Lloyd,exclusivo,Gemini Cooperation,,ECX/NWCSAEC1,Singapura,337.0,,113509.0,119177.0,Hapag-Lloyd,False,Não confirmada,Propria,
9720201,MSC DOMITILLE,9411.0,1000,observado — ficha do navio,Neo-Panamax,2015.0,MSC,MSC,exclusivo,Independente,,IROKO,Portugal,299.0,48.33,95514.0,130819.0,MSC,True,Confirmada,Propria,"Titular: SPV Xinxing International Ship Lease c/o MSC Genebra (MagicPort, set/2026). Boca 48,33 m e reefer 1.000 observados na ficha do navio."
9723253,BREMERHAVEN EXPRESS,9019.0,1200,estimado (NÃO observado) — 15% capado no teto de classe (1200 TEU),Neo-Panamax,2015.0,Hapag-Lloyd,Hapag-Lloyd,exclusivo,Gemini Cooperation,,ECX/NWCSAEC1,Libéria,299.0,,94684.0,111650.0,Hapag-Lloyd,False,Não confirmada,Propria,
9348065,MAERSK MONTE ALEGRE,5552.0,832,estimado (NÃO observado) — 15% da capacidade TEU,Neo-Panamax,2008.0,Maersk,Maersk,exclusivo,Gemini Cooperation,,SEC/UHC,Singapura,272.0,,69132.0,83440.0,Maersk,False,Não confirmada,Propria,
9348053,MAERSK MONTE AZUL,5552.0,832,estimado (NÃO observado) — 15% da capacidade TEU,Neo-Panamax,2008.0,Maersk,Maersk,exclusivo,Gemini Cooperation,,SEC/UHC,Singapura,272.0,,69132.0,83440.0,Maersk,False,Não confirmada,Propria,
9283186,MAERSK MONTE LINZOR,5552.0,832,estimado (NÃO observado) — 15% da capacidade TEU,Neo-Panamax,2004.0,Maersk,Maersk,exclusivo,Gemini Cooperation,,84D,Singapura,272.0,,69132.0,83557.0,Maersk,False,Não confirmada,Propria,
9283239,MAERSK MONTE VERDE,5560.0,834,estimado (NÃO observado) — 15% da capacidade TEU,Neo-Panamax,2005.0,Maersk,Maersk,exclusivo,Gemini Cooperation,,84D,Singapura,272.0,,69132.0,83557.0,Maersk,False,Não confirmada,Propria,
9357949,MONTE TAMARO,5552.0,832,estimado (NÃO observado) — 15% da capacidade TEU,Neo-Panamax,2007.0,Maersk,Maersk,exclusivo,Gemini Cooperation,,84D,Singapura,272.0,40.11,69132.0,71587.0,Maersk,False,Não confirmada,Propria,
9937323,ONE AMAZON,11923.0,1500,estimado (NÃO observado) — 15% capado no teto de classe (1500 TEU),Large Post-Panamax,2022.0,ONE Line,ONE Line,exclusivo,Premier Alliance,,AS2/IPANEMA/SX1,Singapura,329.0,,114643.0,132343.0,ONE Line,False,Não confirmada,Propria,
9777175,CAPE ARTEMISIO,11010.0,1500,estimado (NÃO observado) — 15% capado no teto de classe (1500 TEU),Large Post-Panamax,2017.0,Múltiplos,"Hapag-Lloyd, MSC, ONE Line",partilhado,Gemini Cooperation,"Hapag-Lloyd, MSC, ONE Line",AS2/IPANEMA/SX1,Malta,330.0,,112836.0,134931.0,Costamare Shipping,True,Confirmada,Afretada,
9786736,SAO PAULO EXPRESS,11923.0,1500,estimado (NÃO observado) — 15% capado no teto de classe (1500 TEU),Large Post-Panamax,2017.0,Hapag-Lloyd,"Hapag-Lloyd, MSC, ONE Line",partilhado,Gemini Cooperation,"MSC, ONE Line",AS2,Singapura,330.0,,113976.0,132672.0,Seaspan Corporation,True,Confirmada,Afretada,
9770751,MSC AINO,12091.0,1500,estimado (NÃO observado) — 15% capado no teto de classe (1500 TEU),Large Post-Panamax,2019.0,MSC,MSC,exclusivo,Independente,,AS2/IPANEMA/SX1,Libéria,328.0,,112695.0,141630.0,MSC,False,Não confirmada,Propria,
9793923,ESPIRITO SANTO EXPRESS,11923.0,1500,estimado (NÃO observado) — 15% capado no teto de classe (1500 TEU),Large Post-Panamax,2018.0,Hapag-Lloyd,Hapag-Lloyd,exclusivo,Gemini Cooperation,,AS2/IPANEMA/SX1,Singapura,333.0,48.2,113828.0,132789.0,Hapag-Lloyd,False,Não confirmada,Propria,
9526916,MAERSK LETICIA,8700.0,1200,estimado (NÃO observado) — 15% capado no teto de classe (1200 TEU),Neo-Panamax,2011.0,Maersk,Maersk,exclusivo,Gemini Cooperation,,SAFRAN1/NEOSAMBA,Singapura,299.0,48.2,94000.0,106043.0,Maersk,False,Não confirmada,Propria,
9527025,MAERSK LINS,8700.0,1200,estimado (NÃO observado) — 15% capado no teto de classe (1200 TEU),Neo-Panamax,2012.0,Maersk,Maersk,exclusivo,Gemini Cooperation,,SAFRAN1/NEOSAMBA,Dinamarca,299.0,45.2,89505.0,100062.0,Maersk,False,Não confirmada,Propria,
9632480,MAERSK RUBICON,4622.0,693,estimado (NÃO observado) — 15% da capacidade TEU,Panamax,2013.0,Maersk,Maersk,exclusivo,Gemini Cooperation,,UHD,Singapura,249.0,,51032.0,66347.0,Maersk,False,Não confirmada,Propria,
9526978,MAERSK LABERINTO,8700.0,1200,estimado (NÃO observado) — 15% capado no teto de classe (1200 TEU),Neo-Panamax,2012.0,Maersk,Maersk,exclusivo,Gemini Cooperation,,NEOSAMBA,Dinamarca,299.0,,89505.0,100072.0,Maersk,False,Não confirmada,Propria,
9624299,MAERSK KARUN,4662.0,699,estimado (NÃO observado) — 15% da capacidade TEU,Panamax,2014.0,Maersk,Maersk,exclusivo,Gemini Cooperation,,UHD,Panamá,255.0,,45169.0,59993.0,Maersk,False,Não confirmada,Propria,
9717228,MAERSK SAN VINCENT,10600.0,1500,estimado (NÃO observado) — 15% capado no teto de classe (1500 TEU),Large Post-Panamax,2015.0,Maersk,Maersk,exclusivo,Gemini Cooperation,,X4A,Ilhas Marshall,331.0,,118615.0,123383.0,Maersk,False,Não confirmada,Propria,
9717216,MAERSK SAN LAZARO,10600.0,1500,estimado (NÃO observado) — 15% capado no teto de classe (1500 TEU),Large Post-Panamax,2015.0,Maersk,Maersk,exclusivo,Gemini Cooperation,,X4A,Ilhas Marshall,331.0,,118615.0,129978.0,Maersk,False,Não confirmada,Propria,
9717204,MAERSK SAN JUAN,10600.0,1500,estimado (NÃO observado) — 15% capado no teto de classe (1500 TEU),Large Post-Panamax,2015.0,Maersk,Maersk,exclusivo,Gemini Cooperation,,X4A,Ilhas Marshall,331.0,,118615.0,129873.0,Maersk,False,Não confirmada,Propria,
9928205,MAERSK EVERGLADES,3500.0,525,estimado (NÃO observado) — 15% da capacidade TEU,Panamax,2023.0,Maersk,Maersk,exclusivo,Gemini Cooperation,,U4G,Panamá,200.0,,42799.0,50019.0,Maersk,False,Não confirmada,Propria,
9928188,MAERSK ACADIA,3500.0,525,estimado (NÃO observado) — 15% da capacidade TEU,Panamax,2022.0,Maersk,Maersk,exclusivo,Gemini Cooperation,,U4G,Panamá,200.0,,42799.0,49953.0,Maersk,False,Não confirmada,Propria,
9526928,MAERSK LAVRAS,8700.0,1200,estimado (NÃO observado) — 15% capado no teto de classe (1200 TEU),Neo-Panamax,2011.0,Maersk,Maersk,exclusivo,Gemini Cooperation,,TP15,Dinamarca,299.0,,89687.0,106043.0,Maersk,False,Não confirmada,Propria,
9526904,MAERSK LUZ,8700.0,1200,estimado (NÃO observado) — 15% capado no teto de classe (1200 TEU),Neo-Panamax,2011.0,Maersk,Maersk,exclusivo,Gemini Cooperation,,TP11,Dinamarca,299.0,,89097.0,106043.0,Maersk,False,Não confirmada,Propria,
9350020,APL NEW JERSEY,6350.0,952,estimado (NÃO observado) — 15% da capacidade TEU,Neo-Panamax,2008.0,CMA CGM,CMA CGM,exclusivo,Ocean Alliance,,BZX,Libéria,293.18,40.0,71787.0,72912.0,CMA CGM,False,Não confirmada,Propria,
9327798,MSC LOS ANGELES,5527.0,829,estimado (NÃO observado) — 15% da capacidade TEU,Neo-Panamax,2007.0,MSC,MSC,exclusivo,Independente,,IROKO/ORIGAMI,Libéria,276.2,40.1,66199.0,81607.0,MSC,False,Não confirmada,Propria,
9756729,MSC AVNI,11142.0,1500,estimado (NÃO observado) — 15% capado no teto de classe (1500 TEU),Large Post-Panamax,2017.0,MSC,MSC,exclusivo,Independente,,AS2/IPANEMA/SX1,Libéria,314.31,48.84,103515.0,137841.0,MSC,False,Não confirmada,Propria,
9203538,MSC MALENA III,2506.0,375,estimado (NÃO observado) — 15% da capacidade TEU,Feeder / Sub-Panamax,2000.0,MSC,MSC,exclusivo,Independente,,FIREHORSE,Libéria,207.17,30.0,25294.0,32323.0,MSC,False,Não confirmada,Propria,
9222302,MSC PETRA,6627.0,994,estimado (NÃO observado) — 15% da capacidade TEU,Neo-Panamax,2001.0,MSC,MSC,exclusivo,Independente,,CHEETAH,Libéria,300.0,40.3,73157.0,87837.0,MSC,False,Não confirmada,Propria,
9618305,MSC ATHENS,8827.0,1200,estimado (NÃO observado) — 15% capado no teto de classe (1200 TEU),Neo-Panamax,2013.0,MSC,MSC,exclusivo,Independente,,ECX/NWCSAEC1,Libéria,299.0,,96262.0,116547.0,MSC,False,Não confirmada,Propria,
9778088,MSC MADHU B,11010.0,1500,estimado (NÃO observado) — 15% capado no teto de classe (1500 TEU),Large Post-Panamax,2017.0,MSC,MSC,exclusivo,Independente,,CARIOCA,Portugal,330.08,48.31,113112.0,141838.0,MSC,False,Não confirmada,Propria,
9778076,MSC SHUBA B,11010.0,1500,estimado (NÃO observado) — 15% capado no teto de classe (1500 TEU),Large Post-Panamax,2017.0,MSC,MSC,exclusivo,Independente,,IPANEMA/SX1,Portugal,330.0,48.2,113112.0,141838.0,MSC,False,Não confirmada,Propria,
9756731,MSC CARLOTTA,11142.0,1500,estimado (NÃO observado) — 15% capado no teto de classe (1500 TEU),Large Post-Panamax,2017.0,MSC,MSC,exclusivo,Independente,,CALIFORNIA EXPRESS,Libéria,314.36,48.4,103515.0,137820.0,MSC,False,Não confirmada,Propria,
9619438,MSC ALBANY,8886.0,1200,estimado (NÃO observado) — 15% capado no teto de classe (1200 TEU),Neo-Panamax,2013.0,MSC,MSC,exclusivo,Independente,,MSE/WMSAEC/SAM,Libéria,299.18,48.0,94017.0,118155.0,MSC,False,Não confirmada,Propria,
9793947,MSC SIYA B,11923.0,1500,estimado (NÃO observado) — 15% capado no teto de classe (1500 TEU),Large Post-Panamax,2018.0,MSC,MSC,exclusivo,Independente,,IAS,Portugal,330.0,,113828.0,132712.0,MSC,False,Não confirmada,Propria,
9619452,MSC ARICA,8762.0,1200,estimado (NÃO observado) — 15% capado no teto de classe (1200 TEU),Neo-Panamax,2012.0,MSC,MSC,exclusivo,Independente,,MEDGULF,Libéria,299.0,,94017.0,124499.0,MSC,False,Não confirmada,Propria,
9267649,MSC PHOENIX,6586.0,987,estimado (NÃO observado) — 15% da capacidade TEU,Neo-Panamax,2003.0,MSC,MSC,exclusivo,Independente,,INGWE,Libéria,299.0,,77048.0,89832.0,MSC,False,Não confirmada,Propria,
9710426,MSC ANZU,8827.0,1200,estimado (NÃO observado) — 15% capado no teto de classe (1200 TEU),Neo-Panamax,2015.0,MSC,MSC,exclusivo,Independente,,IROKO,Portugal,299.0,,96333.0,127360.0,MSC,False,Não confirmada,Propria,
9222297,ATETI,6627.0,994,estimado (NÃO observado) — 15% da capacidade TEU,Neo-Panamax,2001.0,MSC,MSC,exclusivo,Independente,,MEDGULF,Libéria,298.0,,73157.0,80250.0,MSC,False,Não confirmada,Propria,
9605231,MSC DAKAR X,9403.0,1200,estimado (NÃO observado) — 15% capado no teto de classe (1200 TEU),Neo-Panamax,2013.0,MSC,MSC,exclusivo,Independente,,NWCSAEC1,Portugal,299.0,,94402.0,132368.0,MSC,False,Não confirmada,Propria,
9605243,MSC NAIROBI X,9403.0,1200,estimado (NÃO observado) — 15% capado no teto de classe (1200 TEU),Neo-Panamax,2013.0,MSC,MSC,exclusivo,Independente,,EAM,Libéria,299.0,,94402.0,132389.0,MSC,False,Não confirmada,Propria,
9244946,MSC KALAMATA VII,6644.0,996,estimado (NÃO observado) — 15% da capacidade TEU,Neo-Panamax,2003.0,MSC,MSC,exclusivo,Independente,,INGWE,Libéria,304.0,,74656.0,101562.0,MSC,False,Não confirmada,Propria,
9702089,MSC VITA,8819.0,1200,estimado (NÃO observado) — 15% capado no teto de classe (1200 TEU),Neo-Panamax,2015.0,MSC,MSC,exclusivo,Independente,,LEVANTE,Portugal,299.0,,96331.0,127447.0,MSC,False,Não confirmada,Propria,
9695028,MSC SOFIA PAZ,9034.0,1200,estimado (NÃO observado) — 15% capado no teto de classe (1200 TEU),Neo-Panamax,2014.0,MSC,MSC,exclusivo,Independente,,NWCSAEC1,Libéria,299.0,,94930.0,111770.0,MSC,False,Não confirmada,Propria,
9785469,MSC EUGENIA,11568.0,1500,estimado (NÃO observado) — 15% capado no teto de classe (1500 TEU),Large Post-Panamax,2022.0,MSC,MSC,exclusivo,Independente,,NWCSA,Libéria,328.0,,113697.0,141467.0,MSC,False,Não confirmada,Propria,
9702065,MSC LETIZIA,8819.0,1200,estimado (NÃO observado) — 15% capado no teto de classe (1200 TEU),Neo-Panamax,2015.0,MSC,MSC,exclusivo,Independente,,CALIFORNIA EXPRESS,Portugal,299.0,,96331.0,127447.0,MSC,False,Não confirmada,Propria,
9702077,MSC MELINE,8819.0,1200,estimado (NÃO observado) — 15% capado no teto de classe (1200 TEU),Neo-Panamax,2015.0,MSC,MSC,exclusivo,Independente,,MSE/WMSAEC/SAM,Portugal,299.96,48.21,95497.0,127447.0,MSC,False,Não confirmada,Propria,
9275397,MSC MANYA,2762.0,400,estimado (NÃO observado) — 15% capado no teto de classe (400 TEU),Feeder / Sub-Panamax,2003.0,MSC,MSC,exclusivo,Independente,,SEAHORSE,Libéria,234.0,,34610.0,43093.0,MSC,False,Não confirmada,Propria,
9702261,MSC SARA ELENA,8819.0,1200,estimado (NÃO observado) — 15% capado no teto de classe (1200 TEU),Neo-Panamax,2015.0,MSC,MSC,exclusivo,Independente,,LEVANTE/NWCIPAK,Portugal,300.0,48.21,96331.0,127447.0,MSC,False,Não confirmada,Propria,
9778105,MSC SHREYA B,11010.0,1500,estimado (NÃO observado) — 15% capado no teto de classe (1500 TEU),Large Post-Panamax,2017.0,MSC,MSC,exclusivo,Independente,,AS2/IPANEMA/SX1,Portugal,330.0,,113112.0,141838.0,MSC,False,Não confirmada,Propria,
9605152,MSC LAGOS X,9403.0,1200,estimado (NÃO observado) — 15% capado no teto de classe (1200 TEU),Neo-Panamax,2013.0,MSC,MSC,exclusivo,Independente,,LEVANTE,Portugal,299.0,,94402.0,111861.0,MSC,False,Não confirmada,Propria,
9735218,MSC ELMA,9408.0,1200,estimado (NÃO observado) — 15% capado no teto de classe (1200 TEU),Neo-Panamax,2016.0,MSC,MSC,exclusivo,Independente,,NWCIPAK,Portugal,299.0,,97805.0,128862.0,MSC,False,Não confirmada,Propria,
9219795,MSC DENISSE X,9578.0,1200,estimado (NÃO observado) — 15% capado no teto de classe (1200 TEU),Neo-Panamax,2000.0,MSC,MSC,exclusivo,Independente,,CHINOOK,Libéria,346.0,,93129.0,119185.0,MSC,False,Não confirmada,Propria,
9267637,MSC PEGASUS VII,6586.0,987,estimado (NÃO observado) — 15% da capacidade TEU,Neo-Panamax,2003.0,MSC,MSC,exclusivo,Independente,,NWCIPAK,Libéria,299.0,,77048.0,89832.0,MSC,False,Não confirmada,Propria,
9729075,CMA CGM RODOLPHE,10926.0,1500,estimado (NÃO observado) — 15% capado no teto de classe (1500 TEU),Large Post-Panamax,2017.0,CMA CGM,CMA CGM,exclusivo,Ocean Alliance,,OCR,Malta,299.0,49.0,96223.0,109832.0,CMA CGM,False,Não confirmada,Propria,
9969089,CMA CGM MERCANTOUR,5920.0,888,estimado (NÃO observado) — 15% da capacidade TEU,Neo-Panamax,2023.0,CMA CGM,CMA CGM,exclusivo,Ocean Alliance,,ICLMRTIF/NFAS,Libéria,254.9,40.0,57907.0,72278.0,CMA CGM,False,Não confirmada,Propria,
9538658,CMA CGM NANSHA,6588.0,988,estimado (NÃO observado) — 15% da capacidade TEU,Neo-Panamax,2014.0,CMA CGM,CMA CGM,exclusivo,Ocean Alliance,,NCLEVANT,Malta,299.9,40.09,75015.0,87729.0,CMA CGM,False,Não confirmada,Propria,
9706308,CMA CGM AMAZON,9162.0,1200,estimado (NÃO observado) — 15% capado no teto de classe (1200 TEU),Neo-Panamax,2015.0,CMA CGM,CMA CGM,exclusivo,Ocean Alliance,,MTE/SEA2/PE1/SEAP,Malta,300.0,48.47,96424.0,115590.0,CMA CGM,False,Não confirmada,Propria,
9966788,CMA CGM SAINTE ANNE,7362.0,1104,estimado (NÃO observado) — 15% da capacidade TEU,Neo-Panamax,2025.0,CMA CGM,CMA CGM,exclusivo,Ocean Alliance,,KCSCNC,França,268.0,,73133.0,85308.0,CMA CGM,False,Não confirmada,Propria,
9722675,CMA CGM NIAGARA,10034.0,1500,estimado (NÃO observado) — 15% capado no teto de classe (1500 TEU),Large Post-Panamax,2015.0,CMA CGM,CMA CGM,exclusivo,Ocean Alliance,,PEX3,Malta,299.0,,95680.0,110283.0,CMA CGM,False,Não confirmada,Propria,
9977701,CMA CGM PETRA,7928.0,1189,estimado (NÃO observado) — 15% da capacidade TEU,Neo-Panamax,2024.0,CMA CGM,CMA CGM,exclusivo,Ocean Alliance,,KILIMA,França,272.0,,74739.0,86715.0,CMA CGM,False,Não confirmada,Propria,
9409209,CMA CGM MAUPASSANT,6572.0,985,estimado (NÃO observado) — 15% da capacidade TEU,Neo-Panamax,2010.0,CMA CGM,CMA CGM,exclusivo,Ocean Alliance,,IPE,Malta,299.0,,73779.0,85450.0,CMA CGM,False,Não confirmada,Propria,
9225653,ALESSIA,6732.0,1009,estimado (NÃO observado) — 15% da capacidade TEU,Neo-Panamax,2001.0,COSCO,COSCO,exclusivo,Ocean Alliance,,WSA5,Libéria,299.0,,75590.0,85891.0,COSCO,False,Não confirmada,Propria,
9629469,SWANSEA,6622.0,993,estimado (NÃO observado) — 15% da capacidade TEU,Neo-Panamax,2014.0,COSCO,COSCO,exclusivo,Ocean Alliance,,BZX,Libéria,270.0,,69809.0,80529.0,COSCO,False,Não confirmada,Propria,
9936513,ZIM THAILAND,11714.0,1500,estimado (NÃO observado) — 15% capado no teto de classe (1500 TEU),Large Post-Panamax,2022.0,ZIM,ZIM,exclusivo,Independente,,ZXB,Tailândia,333.0,,118523.0,137022.0,ZIM,False,Não confirmada,Propria,
9945473,ZIM USA,11923.0,1500,estimado (NÃO observado) — 15% capado no teto de classe (1500 TEU),Large Post-Panamax,2022.0,ZIM,ZIM,exclusivo,Independente,,ASE,Ilhas Marshall,329.0,,114643.0,132314.0,ZIM,False,Não confirmada,Propria,
9793959,KOTA PURI,11923.0,1500,estimado (NÃO observado) — 15% capado no teto de classe (1500 TEU),Large Post-Panamax,2019.0,PIL,PIL,exclusivo,Independente,,WS6,Hong Kong,330.0,,114183.0,132586.0,PIL,False,Não confirmada,Propria,
9793961,KOTA PUSAKA,11923.0,1500,estimado (NÃO observado) — 15% capado no teto de classe (1500 TEU),Large Post-Panamax,2019.0,PIL,PIL,exclusivo,Independente,,WSA6/WS6/AS2/SA8,Hong Kong,330.0,48.2,114183.0,132664.0,PIL,False,Não confirmada,Propria,
9786712,KOTA PAHLAWAN,11923.0,1500,estimado (NÃO observado) — 15% capado no teto de classe (1500 TEU),Large Post-Panamax,2017.0,PIL,PIL,exclusivo,Independente,,SEAS/ESA/TLA1/ES1/SA3,Singapura,330.0,48.2,114380.0,132647.0,PIL,False,Não confirmada,Propria,
9968853,KOTA EBONY,14000.0,1500,estimado (NÃO observado) — 15% capado no teto de classe (1500 TEU),Large Post-Panamax,2025.0,PIL,PIL,exclusivo,Independente,,,Singapura,335.0,51.04,139136.0,156597.0,PIL,True,Confirmada,Propria,
9793935,WAN HAI V01,11923.0,1500,estimado (NÃO observado) — 15% capado no teto de classe (1500 TEU),Large Post-Panamax,2018.0,Wan Hai Lines,Wan Hai Lines,exclusivo,Independente,,AS2,Singapura,330.0,,114283.0,132678.0,Wan Hai Lines,False,Não confirmada,Propria,
9786724,WAN HAI V02,11923.0,1500,estimado (NÃO observado) — 15% capado no teto de classe (1500 TEU),Large Post-Panamax,2017.0,Wan Hai Lines,Wan Hai Lines,exclusivo,Independente,,WSA2/ASA/SA6,Singapura,330.0,,114418.0,132791.0,Wan Hai Lines,False,Não confirmada,Propria,
9346304,HYUNDAI BRAVE,8566.0,1200,estimado (NÃO observado) — 15% capado no teto de classe (1200 TEU),Neo-Panamax,2008.0,HMM,HMM,exclusivo,Independente,,NW4,Ilhas Marshall,339.0,,95681.0,99123.0,HMM,False,Não confirmada,Propria,
9347554,HYUNDAI FAITH,8566.0,1200,estimado (NÃO observado) — 15% capado no teto de classe (1200 TEU),Neo-Panamax,2008.0,HMM,HMM,exclusivo,Independente,,FIL,Ilhas Marshall,339.0,,95681.0,98967.0,HMM,False,Não confirmada,Propria,
9347566,HYUNDAI FORCE,8566.0,1200,estimado (NÃO observado) — 15% capado no teto de classe (1200 TEU),Neo-Panamax,2008.0,HMM,HMM,exclusivo,Independente,,NW4,Ilhas Marshall,339.0,,95681.0,99043.0,HMM,False,Não confirmada,Propria,
9625542,HMM PARAMOUNT,5023.0,753,estimado (NÃO observado) — 15% da capacidade TEU,Neo-Panamax,2013.0,HMM,HMM,exclusivo,Independente,,A1X,Libéria,255.0,,52467.0,63010.0,HMM,False,Não confirmada,Propria,
9623673,RDO FORTUNE,4975.0,746,estimado (NÃO observado) — 15% da capacidade TEU,Panamax,2012.0,Hapag-Lloyd,Hapag-Lloyd,exclusivo,Gemini Cooperation,,SEC/WWA,Libéria,256.07,37.44,52464.0,66966.0,Hapag-Lloyd,False,Não confirmada,Propria,
9687526,COPIAPO,11217.0,1500,estimado (NÃO observado) — 15% capado no teto de classe (1500 TEU),Large Post-Panamax,2014.0,Hapag-Lloyd,Hapag-Lloyd,exclusivo,Gemini Cooperation,,MSE/WMSAEC/SAM,Libéria,300.0,48.0,94895.0,115738.0,Hapag-Lloyd,False,Não confirmada,Propria,
9347578,HYUNDAI DYNASTY,4728.0,709,estimado (NÃO observado) — 15% da capacidade TEU,Panamax,2008.0,HMM,HMM,exclusivo,Independente,,FIL,Ilhas Marshall,294.0,,52581.0,63254.0,HMM,False,Não confirmada,Propria,
9458999,BROOKLYN BRIDGE,4432.0,664,estimado (NÃO observado) — 15% da capacidade TEU,Panamax,2010.0,ONE Line,ONE Line,exclusivo,Premier Alliance,,JTI,Japão,266.0,,44531.0,52055.0,ONE Line,False,Não confirmada,Propria,
9306196,PALENA,6539.0,980,estimado (NÃO observado) — 15% da capacidade TEU,Neo-Panamax,2006.0,Hapag-Lloyd,"MSC, Hapag-Lloyd, ONE Line, Maersk",partilhado,Independente,"MSC, ONE Line, Maersk",,Libéria,304.0,,73934.0,81247.0,Hapag-Lloyd,True,Confirmada,Propria,
9531909,HANS SCHULTE,5605.0,840,estimado (NÃO observado) — 15% da capacidade TEU,Neo-Panamax,2011.0,Múltiplos,"HMM, ONE Line, Yang Ming",partilhado,Independente,"HMM, ONE Line, Yang Ming",,Singapura,275.0,,59307.0,71407.0,Bernhard Schulte,True,Confirmada,Afretada,
9793894,SALVADOR EXPRESS,11923.0,1500,estimado (NÃO observado) — 15% capado no teto de classe (1500 TEU),Large Post-Panamax,2018.0,Hapag-Lloyd,"CMA CGM, COSCO, Hapag-Lloyd, OOCL",partilhado,Independente,"CMA CGM, COSCO, OOCL",,Singapura,330.0,,113828.0,132736.0,Seaspan Corporation,True,Confirmada,Afretada,
9464247,MALIAKOS,4398.0,659,estimado (NÃO observado) — 15% da capacidade TEU,Panamax,2012.0,Múltiplos,"Hapag-Lloyd, Maersk",partilhado,Independente,"Hapag-Lloyd, Maersk",,Libéria,262.0,,41391.0,51310.0,Dioryx Maritime Services Corp,True,Confirmada,Afretada,
9478494,NAVIOS DOMINO,4250.0,637,estimado (NÃO observado) — 15% da capacidade TEU,Panamax,2008.0,Múltiplos,"COSCO, ONE Line, OOCL",partilhado,Independente,"COSCO, ONE Line, OOCL",,Libéria,260.0,,39906.0,50595.0,Navios,True,Confirmada,Afretada,
9400083,MAIPO,6589.0,988,estimado (NÃO observado) — 15% da capacidade TEU,Neo-Panamax,2010.0,Hapag-Lloyd,"Hapag-Lloyd, Maersk, ONE Line",partilhado,Independente,"Maersk, ONE Line",,Libéria,305.0,,75752.0,81002.0,Hapag-Lloyd,True,Confirmada,Propria,
9619464,MSC AGADIR,8886.0,1200,estimado (NÃO observado) — 15% capado no teto de classe (1200 TEU),Neo-Panamax,2012.0,Múltiplos,"CMA CGM, COSCO, Evergreen, OOCL",partilhado,Independente,"CMA CGM, COSCO, Evergreen, OOCL",,Hong Kong,299.0,,94453.0,112516.0,Hanseatic Unity Chartering,True,Confirmada,Afretada,
9768007,LAEM CHABANG EXPRESS,10100.0,1500,estimado (NÃO observado) — 15% capado no teto de classe (1500 TEU),Large Post-Panamax,2018.0,Hapag-Lloyd,"Hapag-Lloyd, MSC",partilhado,Independente,MSC,,Singapura,335.0,,113509.0,119180.0,Seaspan Corporation,True,Confirmada,Afretada,
9229829,DALIAN EXPRESS,7506.0,1125,estimado (NÃO observado) — 15% da capacidade TEU,Neo-Panamax,2001.0,Hapag-Lloyd,"Hapag-Lloyd, Maersk, MSC, ONE Line",partilhado,Independente,"Maersk, MSC, ONE Line",,Libéria,320.0,42.8,88493.0,122639.0,Hapag-Lloyd,True,Confirmada,Propria,
9937335,ONE PARANA,11923.0,1500,estimado (NÃO observado) — 15% capado no teto de classe (1500 TEU),Large Post-Panamax,2022.0,ONE Line,"ONE Line, Hapag-Lloyd, MSC",partilhado,Múltiplas alianças,"Hapag-Lloyd, MSC",,Singapura,329.0,,114643.0,132236.0,ONE Line,False,Não confirmada,Propria,
9654464,WIELAND,4957.0,743,estimado (NÃO observado) — 15% da capacidade TEU,Panamax,2014.0,Múltiplos,"Hapag-Lloyd, KMTC, Maersk",partilhado,Independente,"Hapag-Lloyd, KMTC, Maersk",,Portugal,255.0,37.41,48385.0,62264.0,Reederei Tamke,True,Confirmada,Afretada,
9349540,JAZAN,6921.0,1038,estimado (NÃO observado) — 15% da capacidade TEU,Neo-Panamax,2008.0,Hapag-Lloyd,"Hapag-Lloyd, Maersk, MSC, ONE Line",partilhado,Independente,"Maersk, MSC, ONE Line",,Libéria,306.0,40.05,75579.0,85463.0,Hapag-Lloyd,True,Confirmada,Propria,
9629457,CARDIFF,6656.0,998,estimado (NÃO observado) — 15% da capacidade TEU,Neo-Panamax,2014.0,Múltiplos,"CMA CGM, COSCO",partilhado,Independente,"CMA CGM, COSCO",,Libéria,270.9,42.8,69809.0,80551.0,Zodiac Maritime,True,Confirmada,Afretada,
9850800,EVER FAME,11888.0,1500,estimado (NÃO observado) — 15% capado no teto de classe (1500 TEU),Large Post-Panamax,2021.0,Evergreen,"Evergreen, CMA CGM, COSCO, OOCL, Yang Ming",partilhado,Ocean Alliance,"CMA CGM, COSCO, OOCL, Yang Ming",SEAS/ESA,Panamá,333.0,,116295.0,130573.0,Evergreen,False,Não confirmada,Propria,
9850795,EVER FIT,11888.0,1500,estimado (NÃO observado) — 15% capado no teto de classe (1500 TEU),Large Post-Panamax,2021.0,Evergreen,"Evergreen, CMA CGM, COSCO, OOCL, Yang Ming",partilhado,Ocean Alliance,"CMA CGM, COSCO, OOCL, Yang Ming",SEAS/ESA,Panamá,333.0,,116295.0,130573.0,Evergreen,False,Não confirmada,Propria,
9731913,COSCO SHIPPING DANUBE,9092.0,1200,estimado (NÃO observado) — 15% capado no teto de classe (1200 TEU),Neo-Panamax,2016.0,COSCO,"COSCO, CMA CGM, Evergreen, OOCL, PIL, Yang Ming",partilhado,Ocean Alliance,"CMA CGM, Evergreen, OOCL, PIL, Yang Ming",SEAS/ESA,Hong Kong,299.0,,94623.0,111290.0,COSCO,False,Não confirmada,Propria,
9731951,COSCO SHIPPING RHINE,9092.0,1200,estimado (NÃO observado) — 15% capado no teto de classe (1200 TEU),Neo-Panamax,2017.0,COSCO,"CMA CGM, COSCO, Evergreen, OOCL, PIL, Yang Ming",partilhado,Independente,"CMA CGM, Evergreen, OOCL, PIL, Yang Ming",SEAS/ESA/TLA1/ES1/SA3,Hong Kong,299.0,48.2,94623.0,111189.0,COSCO,True,Confirmada,Propria,
9969998,CATHERINE C,8010.0,1200,estimado (NÃO observado) — 15% capado no teto de classe (1200 TEU),Neo-Panamax,2024.0,Múltiplos,"MSC, Yang Ming, HMM",partilhado,Independente,"MSC, Yang Ming, HMM",,Malta,272.0,,72805.0,93787.0,Danaos Shipping,True,Confirmada,Afretada,
9193317,AMSTERDAM EXPRESS,4890.0,733,estimado (NÃO observado) — 15% da capacidade TEU,Panamax,2000.0,Hapag-Lloyd,"Hapag-Lloyd, Maersk, ZIM",partilhado,Independente,"Maersk, ZIM",,Libéria,294.0,,54465.0,66975.0,Hapag-Lloyd,True,Confirmada,Propria,
9360910,SEATTLE C,4253.0,637,estimado (NÃO observado) — 15% da capacidade TEU,Panamax,2007.0,Múltiplos,"CMA CGM, COSCO, CU Lines, Evergreen, OOCL, X-Press",partilhado,Independente,"CMA CGM, COSCO, CU Lines, Evergreen, OOCL, X-Press",,Chipre,259.0,,40030.0,50813.0,Danaos Shipping,True,Confirmada,Afretada,
9321029,PRESTIGE,6350.0,952,estimado (NÃO observado) — 15% da capacidade TEU,Neo-Panamax,2006.0,CMA CGM,CMA CGM,exclusivo,Ocean Alliance,,SEAS3,Ilhas Marshall,293.0,,71902.0,72968.0,CMA CGM,False,Não confirmada,Propria,
9262118,XIN CHONG QING,4051.0,607,estimado (NÃO observado) — 15% da capacidade TEU,Panamax,2003.0,COSCO,"COSCO, ONE Line, OOCL",partilhado,Ocean Alliance,"ONE Line, OOCL",ESE2/LUX/EEX,China,263.0,,41482.0,50188.0,COSCO,False,Não confirmada,Propria,
9744685,TIGER PLATA,1756.0,263,estimado (NÃO observado) — 15% da capacidade TEU,Feeder / Sub-Panamax,2016.0,Múltiplos,"KMTC, Maersk, ONE Line, Hapag-Lloyd",partilhado,Independente,"KMTC, Maersk, ONE Line, Hapag-Lloyd",,Singapura,169.0,,18807.0,23491.0,Kensington Shipping Pte Ltd,True,Confirmada,Afretada,
9347592,HMM INTEGRAL,4728.0,709,estimado (NÃO observado) — 15% da capacidade TEU,Panamax,2008.0,HMM,HMM,exclusivo,Independente,,WAX1,Coreia do Sul,294.0,,53100.0,63157.0,HMM,False,Não confirmada,Propria,
9785457,MSC RAYSHMI,11568.0,1500,estimado (NÃO observado) — 15% capado no teto de classe (1500 TEU),Large Post-Panamax,2021.0,MSC,MSC,exclusivo,Independente,,CARIOCA,Libéria,328.0,,113697.0,141467.0,MSC,False,Não confirmada,Propria,
9227027,SUNNY PHOENIX,4253.0,637,estimado (NÃO observado) — 15% da capacidade TEU,Panamax,2002.0,Múltiplos,"GOSU, Hapag-Lloyd, KMTC, Laurel Navigation, ONE Line, OOCL, ZIM",partilhado,Independente,"GOSU, Hapag-Lloyd, KMTC, Laurel Navigation, ONE Line, OOCL, ZIM",SA2,Bahamas,259.0,,39941.0,50789.0,Noma Shipping Co Ltd,True,Confirmada,Afretada,
9953561,IRENES RULE,2782.0,400,estimado (NÃO observado) — 15% capado no teto de classe (400 TEU),Feeder / Sub-Panamax,2023.0,Múltiplos,"Hapag-Lloyd, Maersk",partilhado,Independente,"Hapag-Lloyd, Maersk",SAT/09D,Ilhas Marshall,185.0,,29829.0,38605.0,Tsakos Shipping & Trading,True,Confirmada,Afretada,
9312573,XIN WEI HAI,4250.0,637,estimado (NÃO observado) — 15% da capacidade TEU,Panamax,2006.0,COSCO,"COSCO, ONE Line, OOCL",partilhado,Ocean Alliance,"ONE Line, OOCL",ESE2/LUX/EEX,China,263.0,,41482.0,52219.0,COSCO,False,Não confirmada,Propria,
9618317,MSC ATHOS,8827.0,1200,estimado (NÃO observado) — 15% capado no teto de classe (1200 TEU),Neo-Panamax,2013.0,MSC,MSC,exclusivo,Independente,,CALIFORNIA EXPRESS,Malta,299.0,,96262.0,116993.0,MSC,False,Não confirmada,Propria,
9991202,MAERSK FREEPORT,5920.0,888,estimado (NÃO observado) — 15% da capacidade TEU,Neo-Panamax,2024.0,Maersk,Maersk,exclusivo,Gemini Cooperation,,SEC/UHC,Panamá,254.0,,57872.0,76490.0,Maersk,False,Não confirmada,Propria,
9953391,IRENES WISDOM,2782.0,400,estimado (NÃO observado) — 15% capado no teto de classe (400 TEU),Feeder / Sub-Panamax,2023.0,Múltiplos,"Hapag-Lloyd, Maersk",partilhado,Independente,"Hapag-Lloyd, Maersk",SAT/09D,Chipre,185.0,,29829.0,38605.0,Tsakos Shipping & Trading,True,Confirmada,Afretada,
9330068,MSC SURABAYA VIII,8401.0,1200,estimado (NÃO observado) — 15% capado no teto de classe (1200 TEU),Neo-Panamax,2006.0,MSC,MSC,exclusivo,Independente,,NWCIPAK,Chipre,332.0,,94322.0,130937.0,MSC,False,Não confirmada,Propria,
9526899,MAERSK LA PAZ,8700.0,1200,estimado (NÃO observado) — 15% capado no teto de classe (1200 TEU),Neo-Panamax,2011.0,Maersk,Maersk,exclusivo,Gemini Cooperation,,SAFRAN1/NEOSAMBA,Dinamarca,299.0,,89174.0,106043.0,Maersk,False,Não confirmada,Propria,
9343974,MAERSK JAIPUR,2824.0,400,estimado (NÃO observado) — 15% capado no teto de classe (400 TEU),Feeder / Sub-Panamax,2008.0,Maersk,Maersk,exclusivo,Gemini Cooperation,,U4D,Malta,222.0,,28340.0,39446.0,Maersk,False,Não confirmada,Propria,
9619426,MSC ALTAMIRA,8762.0,1200,estimado (NÃO observado) — 15% capado no teto de classe (1200 TEU),Neo-Panamax,2012.0,MSC,MSC,exclusivo,Independente,,NEWMO/AUX,Libéria,299.0,,94659.0,118176.0,MSC,False,Não confirmada,Propria,
9285988,EUROPE,8468.0,1200,estimado (NÃO observado) — 15% capado no teto de classe (1200 TEU),Neo-Panamax,2004.0,MSC,MSC,exclusivo,Independente,,INDUSA,Chipre,334.0,,90645.0,107820.0,MSC,False,Não confirmada,Propria,
9256470,MSC QINGDAO,8667.0,1200,estimado (NÃO observado) — 15% capado no teto de classe (1200 TEU),Neo-Panamax,2004.0,MSC,MSC,exclusivo,Independente,,ALPACA,Libéria,322.0,,89097.0,105162.0,MSC,False,Não confirmada,Propria,
9323522,HMM JAKARTA,6763.0,1014,estimado (NÃO observado) — 15% da capacidade TEU,Neo-Panamax,2007.0,HMM,HMM,exclusivo,Independente,,PS5,Coreia do Sul,303.0,,75308.0,80108.0,HMM,False,Não confirmada,Propria,
9196852,MSC ALMA VII,6648.0,997,estimado (NÃO observado) — 15% da capacidade TEU,Neo-Panamax,2000.0,MSC,MSC,exclusivo,Independente,,ORIGAMI,Libéria,304.0,,74586.0,81556.0,MSC,False,Não confirmada,Propria,
9395953,ZIM BALTIMORE,4330.0,649,estimado (NÃO observado) — 15% da capacidade TEU,Panamax,2010.0,ZIM,ZIM,exclusivo,Independente,,ZGT,Libéria,258.0,,40741.0,52360.0,ZIM,False,Não confirmada,Propria,
9845659,CMA CGM KOUROU,2200.0,330,estimado (NÃO observado) — 15% da capacidade TEU,Feeder / Sub-Panamax,2020.0,CMA CGM,CMA CGM,exclusivo,Ocean Alliance,,NEFGUI,França,190.0,,27571.0,26758.0,CMA CGM,False,Não confirmada,Propria,
9227273,IRENES RESOLVE,3739.0,560,estimado (NÃO observado) — 15% da capacidade TEU,Panamax,2001.0,Hapag-Lloyd,Hapag-Lloyd,exclusivo,Gemini Cooperation,,WWA,Libéria,257.0,,40085.0,51060.0,Tsakos Shipping & Trading,True,Confirmada,Afretada,
9704960,MSC LILY,8827.0,1200,estimado (NÃO observado) — 15% capado no teto de classe (1200 TEU),Neo-Panamax,2015.0,MSC,MSC,exclusivo,Independente,,ALPACA,Portugal,299.0,,96333.0,127360.0,MSC,False,Não confirmada,Propria,
9813802,AS SABINE,1762.0,264,estimado (NÃO observado) — 15% da capacidade TEU,Feeder / Sub-Panamax,2019.0,Maersk,Maersk,exclusivo,Gemini Cooperation,,U4G,Libéria,172.0,,19122.0,23261.0,Maersk,False,Não confirmada,Propria,
9450351,MSC JUSTICE VIII,8814.0,1200,estimado (NÃO observado) — 15% capado no teto de classe (1200 TEU),Neo-Panamax,2010.0,MSC,MSC,exclusivo,Independente,,INGWE,Portugal,332.0,,94419.0,128287.0,MSC,False,Não confirmada,Propria,
9251690,MSC LUDOVICA,6732.0,1009,estimado (NÃO observado) — 15% da capacidade TEU,Neo-Panamax,2003.0,MSC,MSC,exclusivo,Independente,,INGWE,Panamá,299.0,,76490.0,97241.0,MSC,False,Não confirmada,Propria,
9243162,VELIKA,3237.0,485,estimado (NÃO observado) — 15% da capacidade TEU,Panamax,2002.0,Hapag-Lloyd,Hapag-Lloyd,exclusivo,Gemini Cooperation,,WAX,Libéria,243.0,,40146.0,40478.0,Hapag-Lloyd,False,Não confirmada,Propria,
9845661,DOUCE FRANCE,2200.0,330,estimado (NÃO observado) — 15% da capacidade TEU,Feeder / Sub-Panamax,2020.0,CMA CGM,CMA CGM,exclusivo,Ocean Alliance,,NEFGUI,França,189.0,,27571.0,26811.0,CMA CGM,False,Não confirmada,Propria,
9324837,NAVIOS VERMILION,4250.0,637,estimado (NÃO observado) — 15% da capacidade TEU,Panamax,2007.0,Múltiplos,"COSCO, ONE Line, OOCL",partilhado,Ocean Alliance,"COSCO, ONE Line, OOCL",ESE2/LUX/EEX,Ilhas Marshall,260.0,,39906.0,50629.0,Navios Maritime Partners,True,Confirmada,Afretada,
9629043,EVER LINKING,8508.0,1200,estimado (NÃO observado) — 15% capado no teto de classe (1200 TEU),Neo-Panamax,2013.0,Evergreen,Evergreen,exclusivo,Ocean Alliance,,CPS,Reino Unido,334.0,,101063.0,103891.0,Evergreen,False,Não confirmada,Propria,
9168867,MSC URSULA VI,5652.0,847,estimado (NÃO observado) — 15% da capacidade TEU,Neo-Panamax,1999.0,MSC,MSC,exclusivo,Independente,,USA SAEC1,Panamá,285.0,,69246.0,63216.0,MSC,False,Não confirmada,Propria,
9450375,C HAMBURG,8580.0,1200,estimado (NÃO observado) — 15% capado no teto de classe (1200 TEU),Neo-Panamax,2009.0,Múltiplos,"MSC, ZIM",partilhado,Independente,"MSC, ZIM",,Libéria,334.0,,91203.0,109867.0,Danaos Shipping,True,Confirmada,Afretada,
9241190,CHLOE D,2824.0,400,estimado (NÃO observado) — 15% capado no teto de classe (400 TEU),Feeder / Sub-Panamax,2002.0,Maersk,Maersk,exclusivo,Gemini Cooperation,,Z84,Libéria,222.0,,27779.0,39358.0,Maersk,False,Não confirmada,Propria,
9437385,LONCOMILLA,4249.0,637,estimado (NÃO observado) — 15% da capacidade TEU,Panamax,2009.0,Múltiplos,"ONE Line, ZIM",partilhado,Múltiplas alianças,"ONE Line, ZIM",AN2/ZGT,Libéria,261.0,,40541.0,50435.0,Borealis Maritime Ltd,True,Confirmada,Afretada,
9314935,AS CAROLINA,2824.0,400,estimado (NÃO observado) — 15% capado no teto de classe (400 TEU),Feeder / Sub-Panamax,2006.0,Múltiplos,"Gold Star Line, OOCL, ZIM",partilhado,Múltiplas alianças,"Gold Star Line, OOCL, ZIM",SCIS/CIS3/SIX,Portugal,222.0,,28927.0,39155.0,AS Carolina Schifffahrts,True,Confirmada,Afretada,
9332860,BF HAMBURG,6494.0,974,estimado (NÃO observado) — 15% da capacidade TEU,Neo-Panamax,2009.0,Múltiplos,"HMM, ONE Line",partilhado,Múltiplas alianças,"HMM, ONE Line",INX/IOX,Libéria,293.0,,71786.0,72982.0,BF Hamburg Schiffahrts,True,Confirmada,Afretada,
9845673,CMA CGM SINNAMARY,2200.0,330,estimado (NÃO observado) — 15% da capacidade TEU,Feeder / Sub-Panamax,2020.0,CMA CGM,"CMA CGM, Marfret",partilhado,Ocean Alliance,Marfret,NEFGUI/SAS,França,190.0,,27571.0,26827.0,CMA CGM,True,Confirmada,Propria,
9978949,MSC MUGE,11360.0,1500,estimado (NÃO observado) — 15% capado no teto de classe (1500 TEU),Large Post-Panamax,2025.0,MSC,MSC,exclusivo,Independente,,NWCSA/NWCUSASAWC,Libéria,335.0,,101311.0,139897.0,MSC,True,Confirmada,Propria,
9289934,MAERSK SANTANA,8450.0,1200,estimado (NÃO observado) — 15% capado no teto de classe (1200 TEU),Neo-Panamax,2005.0,Maersk,"Maersk, Hapag-Lloyd",partilhado,Gemini Cooperation,Hapag-Lloyd,US3/TP15,Singapura,335.0,,93511.0,102861.0,Maersk,True,Confirmada,Propria,
9778090,MSC YASHI B,11010.0,1500,estimado (NÃO observado) — 15% capado no teto de classe (1500 TEU),Large Post-Panamax,2018.0,MSC,MSC,exclusivo,Independente,,NWCSA,Portugal,330.0,,113112.0,141838.0,MSC,True,Confirmada,Propria,
9964481,MAERSK EL PALOMAR,12800.0,1500,estimado (NÃO observado) — 15% capado no teto de classe (1500 TEU),Large Post-Panamax,2024.0,Maersk,"Maersk, Hapag-Lloyd",partilhado,Gemini Cooperation,Hapag-Lloyd,AE19/SE4,Singapura,335.0,,127832.0,152237.0,Maersk,True,Confirmada,Propria,
9333838,MOL EXPERIENCE,4803.0,720,estimado (NÃO observado) — 15% da capacidade TEU,Panamax,2007.0,ONE Line,"COSCO, Gold Star Line, Hapag-Lloyd, ONE Line, OOCL, ZIM",partilhado,Múltiplas alianças,"COSCO, Gold Star Line, Hapag-Lloyd, OOCL, ZIM",ZAX3/SA1/SAC/SAF3,Panamá,294.0,,54098.0,62953.0,Mitsui O.S.K. Lines (MOL),True,Confirmada,Propria,
9312559,XIN CHANG SHA,4250.0,637,estimado (NÃO observado) — 15% da capacidade TEU,Panamax,2005.0,COSCO,"COSCO, ONE Line, OOCL",partilhado,Ocean Alliance,"ONE Line, OOCL",ESE2/LUX/EEX,China,263.0,,41482.0,52214.0,COSCO SHIPPING Lines,True,Confirmada,Propria,
9618288,EMERALD TOWER,8827.0,1200,estimado (NÃO observado) — 15% capado no teto de classe (1200 TEU),Neo-Panamax,2013.0,Múltiplos,"HMM, ONE Line, Yang Ming",partilhado,Múltiplas alianças,"HMM, ONE Line, Yang Ming",NW4/AX4/SA2,Libéria,300.0,,96375.0,127952.0,Zodiac Maritime Ltd,True,Confirmada,Afretada,
9706310,MSC ADONIS,9162.0,1200,estimado (NÃO observado) — 15% capado no teto de classe (1200 TEU),Neo-Panamax,2015.0,MSC,MSC,exclusivo,Independente,,CALIFORNIA EXPRESS,Libéria,299.0,,96424.0,119504.0,MSC,True,Confirmada,Propria,
9337652,DELPHINUS C,4888.0,733,estimado (NÃO observado) — 15% da capacidade TEU,Panamax,2007.0,Múltiplos,"ONE Line, SITC",partilhado,Múltiplas alianças,"ONE Line, SITC",JTI,Libéria,294.0,,55487.0,65950.0,Cosmoship Management SA,True,Confirmada,Afretada,
9356153,MERCOSUL SANTOS,2478.0,371,estimado (NÃO observado) — 15% da capacidade TEU,Feeder / Sub-Panamax,2009.0,CMA CGM,CMA CGM,exclusivo,Ocean Alliance,,PUMAMRC,Brasil,210.0,,25888.0,35239.0,CMA CGM (Mercosul Line),True,Confirmada,Propria,
9487524,NYK FUTAGO,4538.0,680,estimado (NÃO observado) — 15% da capacidade TEU,Panamax,2011.0,ONE Line,"ONE Line, SITC",partilhado,Independente,SITC,JTI,Singapura,266.0,,44925.0,52190.0,NYK Line,True,Confirmada,Propria,Rever no Atlas: operador real (NYK já não opera contentores desde 2018).
9153862,EPAMINONDAS,6690.0,1003,estimado (NÃO observado) — 15% da capacidade TEU,Neo-Panamax,1998.0,Maersk,Maersk,exclusivo,Gemini Cooperation,,,Libéria,299.0,,80942.0,94769.0,Technomar Shipping Inc.,True,Confirmada,Afretada,
9146467,MSC YUKTA X,9578.0,1200,estimado (NÃO observado) — 15% capado no teto de classe (1200 TEU),Neo-Panamax,1998.0,MSC,MSC,exclusivo,Independente,,DRAGON,Libéria,346.0,,92198.0,110387.0,MSC,True,Confirmada,Propria,
9767998,VUNG TAU EXPRESS,10100.0,1500,estimado (NÃO observado) — 15% capado no teto de classe (1500 TEU),Large Post-Panamax,2018.0,Hapag-Lloyd,Hapag-Lloyd,exclusivo,Gemini Cooperation,,WC1/TP6,Singapura,335.0,,113509.0,119182.0,Seaspan Corporation,True,Confirmada,Afretada,Rever no Atlas: parceiros do serviço WC1/TP6 não registados.
9198587,MSC CHIARA X,9578.0,1200,estimado (NÃO observado) — 15% capado no teto de classe (1200 TEU),Neo-Panamax,2000.0,MSC,"MSC, HMM, ZIM",partilhado,Independente,"HMM, ZIM",FE5/AMERICA/Z7S,Libéria,346.0,,93129.0,110387.0,MSC,True,Confirmada,Propria,
9637155,HMM PLATINUM,5023.0,753,estimado (NÃO observado) — 15% da capacidade TEU,Neo-Panamax,2013.0,HMM,HMM,exclusivo,Independente,,FIL,Libéria,255.0,,52467.0,63014.0,HMM,True,Confirmada,Propria,
9968865,KOTA EMBUN,14000.0,1500,estimado (NÃO observado) — 15% capado no teto de classe (1500 TEU),Large Post-Panamax,2025.0,PIL,"PIL, CMA CGM, COSCO, Evergreen, Yang Ming",partilhado,Independente,"CMA CGM, COSCO, Evergreen, Yang Ming",SEAS/ESA/SA3,Singapura,335.0,,139136.0,156517.0,PIL,True,Confirmada,Propria,
9976719,ONE STRENGTH,13932.0,1500,estimado (NÃO observado) — 15% capado no teto de classe (1500 TEU),Large Post-Panamax,2025.0,ONE Line,"ONE Line, HMM, Hapag-Lloyd",partilhado,Múltiplas alianças,"HMM, Hapag-Lloyd",FP2/MTL,Singapura,335.0,,140233.0,161626.0,ONE Line,True,Confirmada,Propria,
9344681,MAERSK VENEZIA,1819.0,272,estimado (NÃO observado) — 15% da capacidade TEU,Feeder / Sub-Panamax,2007.0,Maersk,Maersk,exclusivo,Gemini Cooperation,,UGA,Hong Kong,186.0,,22914.0,28123.0,Maersk,True,Confirmada,Propria,
9627904,TRAIGUEN,8704.0,1200,estimado (NÃO observado) — 15% capado no teto de classe (1200 TEU),Neo-Panamax,2013.0,Múltiplos,"Maersk, Borchard, Hapag-Lloyd, Turkon",partilhado,Gemini Cooperation,"Maersk, Borchard, Hapag-Lloyd, Turkon",NEAS/EMX/SLC/NWC,Libéria,299.0,,96628.0,116384.0,Polar 4 Ltd,True,Confirmada,Afretada,
9713351,SEASPAN BELIEF,10100.0,1500,estimado (NÃO observado) — 15% capado no teto de classe (1500 TEU),Large Post-Panamax,2015.0,Múltiplos,"Hapag-Lloyd, MSC, ONE Line",partilhado,Independente,"Hapag-Lloyd, MSC, ONE Line",AS2/IPANEMA/SX1,Singapura,337.0,,113496.0,119137.0,Seaspan Corporation,True,Confirmada,Afretada,
9704996,MSC JULIE,8827.0,1200,estimado (NÃO observado) — 15% capado no teto de classe (1200 TEU),Neo-Panamax,2015.0,MSC,MSC,exclusivo,Independente,,IROKO,Portugal,299.0,,96333.0,127360.0,MSC,True,Confirmada,Propria,
9969869,CAPE SOREL,2713.0,400,estimado (NÃO observado) — 15% capado no teto de classe (400 TEU),Feeder / Sub-Panamax,2024.0,Maersk,Maersk,exclusivo,Gemini Cooperation,,U4D,Portugal,188.0,,26914.0,35019.0,Schoeller Holdings Ltd,True,Confirmada,Afretada,
9793911,SANTA CATARINA EXPRESS,11923.0,1500,estimado (NÃO observado) — 15% capado no teto de classe (1500 TEU),Large Post-Panamax,2018.0,Hapag-Lloyd,"Hapag-Lloyd, MSC, ONE Line",partilhado,Múltiplas alianças,"MSC, ONE Line",AS2/IPANEMA/SX1,Singapura,330.0,,113828.0,132584.0,Seaspan Corporation,True,Confirmada,Afretada,
9323508,HMM COLOMBO,6763.0,1014,estimado (NÃO observado) — 15% da capacidade TEU,Neo-Panamax,2007.0,HMM,"HMM, ONE Line",partilhado,Independente,ONE Line,INX/IOX,Coreia do Sul,303.0,,75308.0,80108.0,HMM,True,Confirmada,Propria,
9978951,MSC HORTENSE,11360.0,1500,estimado (NÃO observado) — 15% capado no teto de classe (1500 TEU),Large Post-Panamax,2025.0,MSC,MSC,exclusivo,Independente,,CALIFORNIA EXPRESS,Libéria,335.0,,101311.0,139897.0,MSC,True,Confirmada,Propria,
9630406,SEASPAN ZAMBEZI,10100.0,1500,estimado (NÃO observado) — 15% capado no teto de classe (1500 TEU),Large Post-Panamax,2014.0,Múltiplos,"HMM, MSC, ONE Line",partilhado,Múltiplas alianças,"HMM, MSC, ONE Line",NW3/AZTEC/AX3,Singapura,336.0,,112967.0,119187.0,Seaspan Corporation,True,Confirmada,Afretada,
9727625,CAPE SOUNIO,11010.0,1500,estimado (NÃO observado) — 15% capado no teto de classe (1500 TEU),Large Post-Panamax,2017.0,Múltiplos,"MSC, ZIM",partilhado,Independente,"MSC, ZIM",CARIOCA,Malta,330.0,,112836.0,134931.0,Costamare Shipping,True,Confirmada,Afretada,
9337688,NYK DIANA,4888.0,733,estimado (NÃO observado) — 15% da capacidade TEU,Panamax,2008.0,ONE Line,"ONE Line, COSCO, OOCL",partilhado,Independente,"COSCO, OOCL",ESE2/LUX/EEX,Panamá,294.0,,55487.0,65976.0,NYK Line,True,Confirmada,Propria,
9770749,MSC BIANCA,12091.0,1500,estimado (NÃO observado) — 15% capado no teto de classe (1500 TEU),Large Post-Panamax,2019.0,MSC,MSC,exclusivo,Independente,,CARIOCA,Libéria,328.0,,112695.0,141630.0,MSC,True,Confirmada,Propria,
9526887,MAERSK LIRQUEN,8700.0,1200,estimado (NÃO observado) — 15% capado no teto de classe (1200 TEU),Neo-Panamax,2011.0,Maersk,Maersk,exclusivo,Gemini Cooperation,,US1/TP11,Dinamarca,299.0,,89687.0,106043.0,Maersk,True,Confirmada,Propria,
9729099,CMA CGM LISA MARIE,10926.0,1500,estimado (NÃO observado) — 15% capado no teto de classe (1500 TEU),Large Post-Panamax,2017.0,CMA CGM,"CMA CGM, COSCO, Evergreen, Maersk, OOCL, Yang Ming",partilhado,Ocean Alliance,"COSCO, Evergreen, Maersk, OOCL, Yang Ming",SEAS/ESA/96M/TLA1/SA3,Malta,299.0,,96223.0,109832.0,CMA CGM,True,Confirmada,Propria,
9979278,MAERSK FORTALEZA,5920.0,888,estimado (NÃO observado) — 15% da capacidade TEU,Neo-Panamax,2024.0,Maersk,"Maersk, Hapag-Lloyd",partilhado,Gemini Cooperation,Hapag-Lloyd,SEC/UHC,Panamá,254.0,,57872.0,76521.0,Maersk,True,Confirmada,Propria,
9969065,MAERSK FRANKFURT,5920.0,888,estimado (NÃO observado) — 15% da capacidade TEU,Neo-Panamax,2024.0,Maersk,"Maersk, Hapag-Lloyd",partilhado,Gemini Cooperation,Hapag-Lloyd,SEC/UHC,Panamá,254.0,,57872.0,76507.0,Maersk,True,Confirmada,Propria,
9467445,MSC KATRINA,12400.0,1500,estimado (NÃO observado) — 15% capado no teto de classe (1500 TEU),Large Post-Panamax,2012.0,MSC,"MSC, WEC Lines",partilhado,Independente,WEC Lines,ALBATROS,Panamá,365.0,,140096.0,175327.0,MSC,True,Confirmada,Propria,
9641235,COSTA RICA EXPRESS,6927.0,1039,estimado (NÃO observado) — 15% da capacidade TEU,Neo-Panamax,2013.0,Hapag-Lloyd,"Hapag-Lloyd, Maersk, MSC, ONE Line",partilhado,Múltiplas alianças,"Maersk, MSC, ONE Line",GS1/UHA/GULF-SAEC2/ANG,Ilhas Marshall,270.0,,71021.0,80295.0,Ikaros Marine LLC,True,Confirmada,Afretada,
1016692,MSC ADELE,11586.0,1500,estimado (NÃO observado) — 15% capado no teto de classe (1500 TEU),Large Post-Panamax,2025.0,MSC,"MSC, Hapag-Lloyd",partilhado,Independente,Hapag-Lloyd,NWCSAEC1/ECX,Libéria,335.0,,107533.0,139436.0,MSC,True,Confirmada,Propria,
9162215,MAERSK KARACHI,6690.0,1003,estimado (NÃO observado) — 15% da capacidade TEU,Neo-Panamax,1998.0,Maersk,"Maersk, CMA CGM",partilhado,Gemini Cooperation,CMA CGM,SEAS3/X4B,Hong Kong,299.0,,80942.0,88669.0,Maersk,True,Confirmada,Propria,
9966764,CMA CGM FORT JAMES,7362.0,1104,estimado (NÃO observado) — 15% da capacidade TEU,Neo-Panamax,2024.0,CMA CGM,"CMA CGM, Evergreen, ONE Line, CNC Line",partilhado,Ocean Alliance,"Evergreen, ONE Line, CNC Line",,França,268.0,,73133.0,85234.0,CMA CGM,True,Confirmada,Propria,
9304459,MSC LISBON IX,9178.0,1200,estimado (NÃO observado) — 15% capado no teto de classe (1200 TEU),Neo-Panamax,2007.0,MSC,"MSC, ZIM",partilhado,Independente,ZIM,AMERICA/Z7S,Chipre,336.0,,107849.0,132035.0,MSC,True,Confirmada,Propria,
9936525,ZIM BANGKOK,11714.0,1500,estimado (NÃO observado) — 15% capado no teto de classe (1500 TEU),Large Post-Panamax,2023.0,ZIM,"ZIM, Hapag-Lloyd, Maersk",partilhado,Independente,"Hapag-Lloyd, Maersk",ASE/X4A,Tailândia,333.0,,118523.0,137022.0,ZIM,True,Confirmada,Propria,
9286267,MSC GREENWICH,8238.0,1200,estimado (NÃO observado) — 15% capado no teto de classe (1200 TEU),Neo-Panamax,2004.0,MSC,"MSC, ZIM",partilhado,Independente,ZIM,LONE STAR EXPRESS/ZSL,Portugal,334.0,,91038.0,113196.0,MSC,True,Confirmada,Propria,
9951575,CMA CGM ADVENTURE,7327.0,1099,estimado (NÃO observado) — 15% da capacidade TEU,Neo-Panamax,2024.0,CMA CGM,CMA CGM,exclusivo,Ocean Alliance,,KILIMA,Malta,268.0,,73133.0,85558.0,CMA CGM,True,Confirmada,Propria,
9450337,MSC JUBILEE IX,8814.0,1200,estimado (NÃO observado) — 15% capado no teto de classe (1200 TEU),Neo-Panamax,2009.0,MSC,"MSC, ZIM",partilhado,Independente,ZIM,AMERICA/Z7S,Libéria,333.0,,94419.0,128287.0,MSC,True,Confirmada,Propria,
9709192,CMA CGM CAYENNE,2140.0,321,estimado (NÃO observado) — 15% da capacidade TEU,Feeder / Sub-Panamax,2015.0,CMA CGM,"CMA CGM, Marfret",partilhado,Ocean Alliance,Marfret,NEFGUI/SAS,Malta,190.0,,26645.0,27322.0,CMA CGM,True,Confirmada,Propria,
9430399,SANTA BARBARA,7800.0,1170,estimado (NÃO observado) — 15% da capacidade TEU,Neo-Panamax,2012.0,Maersk,"Maersk, Hapag-Lloyd",partilhado,Gemini Cooperation,Hapag-Lloyd,TP5/WC4,Dinamarca,299.0,,86601.0,92915.0,Maersk,True,Confirmada,Propria,
9486116,SEASPAN OSAKA,4520.0,678,estimado (NÃO observado) — 15% da capacidade TEU,Panamax,2010.0,Múltiplos,"Hapag-Lloyd, ONE Line",partilhado,Múltiplas alianças,"Hapag-Lloyd, ONE Line",JTI/IRM,Singapura,269.0,,46444.0,58430.0,Seaspan Corporation,True,Confirmada,Afretada,
9356141,MERCOSUL SUAPE,2478.0,371,estimado (NÃO observado) — 15% da capacidade TEU,Feeder / Sub-Panamax,2008.0,CMA CGM,"CMA CGM, Hapag-Lloyd, MSC, Log-In",partilhado,Ocean Alliance,"Hapag-Lloyd, MSC, Log-In",PLATAMRC/NCF/SAS,Brasil,210.0,,25888.0,35221.0,CMA CGM (Mercosul Line),True,Confirmada,Propria,
9526930,MAERSK LEBU,8700.0,1200,estimado (NÃO observado) — 15% capado no teto de classe (1200 TEU),Neo-Panamax,2011.0,Maersk,"Maersk, Hapag-Lloyd",partilhado,Gemini Cooperation,Hapag-Lloyd,E08/EM8,Dinamarca,299.0,,89687.0,106043.0,Maersk,True,Confirmada,Propria,
9698654,SAN FRANCISCA,8714.0,1200,estimado (NÃO observado) — 15% capado no teto de classe (1200 TEU),Neo-Panamax,2015.0,Múltiplos,"Maersk, Hapag-Lloyd, ZIM",partilhado,Gemini Cooperation,"Maersk, Hapag-Lloyd, ZIM",ASE/X4A/NEOASAS,Ilhas Marshall,299.0,,97367.0,115414.0,SFL Corporation Ltd,True,Confirmada,Afretada,
9330707,HYUNDAI FORWARD,4571.0,685,estimado (NÃO observado) — 15% da capacidade TEU,Panamax,2007.0,HMM,"HMM, ONE Line, Yang Ming",partilhado,Múltiplas alianças,"ONE Line, Yang Ming",PN3,Ilhas Marshall,294.0,,52581.0,63439.0,HMM,True,Confirmada,Propria,
9307243,LE HAVRE,9572.0,1200,estimado (NÃO observado) — 15% capado no teto de classe (1200 TEU),Neo-Panamax,2006.0,MSC,MSC,exclusivo,Independente,,CARIOCA,Chipre,336.0,,108069.0,111790.0,Danaos Shipping,True,Confirmada,Afretada,
9785445,MSC CAROLE,11568.0,1500,estimado (NÃO observado) — 15% capado no teto de classe (1500 TEU),Large Post-Panamax,2021.0,MSC,MSC,exclusivo,Independente,,CARIOCA,Libéria,328.0,,113697.0,141467.0,MSC,True,Confirmada,Propria,
9619440,MSC ANCHORAGE,8762.0,1200,estimado (NÃO observado) — 15% capado no teto de classe (1200 TEU),Neo-Panamax,2013.0,MSC,"CMA CGM, MSC",partilhado,Independente,CMA CGM,NEWMO/AUX,Libéria,299.0,,94017.0,118176.0,MSC,True,Confirmada,Propria,
9998482,HMM JUNIPER,8548.0,1200,estimado (NÃO observado) — 15% capado no teto de classe (1200 TEU),Neo-Panamax,2025.0,HMM,HMM,exclusivo,Independente,,FIL,Panamá,274.0,,82335.0,100902.0,HMM,True,Confirmada,Propria,
9720483,MSC CHLOE,9411.0,1200,estimado (NÃO observado) — 15% capado no teto de classe (1200 TEU),Neo-Panamax,2016.0,MSC,MSC,exclusivo,Independente,,IAS,Portugal,299.0,,95514.0,131034.0,MSC,True,Confirmada,Propria,
9629110,EVER LOVELY,8508.0,1200,estimado (NÃO observado) — 15% capado no teto de classe (1200 TEU),Neo-Panamax,2015.0,Evergreen,"CMA CGM, COSCO, Evergreen, OOCL",partilhado,Ocean Alliance,"CMA CGM, COSCO, OOCL",HBB/AAC2/CPS/PCN3,Singapura,334.0,,101063.0,104357.0,Evergreen,True,Confirmada,Propria,
9416991,NYK RUMINA,4888.0,733,estimado (NÃO observado) — 15% da capacidade TEU,Panamax,2010.0,HMM,HMM,exclusivo,Independente,,FL2,Singapura,294.0,,55487.0,66171.0,NYK Line,True,Confirmada,Afretada,
9330719,HYUNDAI UNITY,4571.0,685,estimado (NÃO observado) — 15% da capacidade TEU,Panamax,2007.0,HMM,"HMM, RCL",partilhado,Independente,RCL,NIS/RSU1,Ilhas Marshall,294.0,,52581.0,63439.0,HMM,True,Confirmada,Propria,
9305661,HYUNDAI HONGKONG,6763.0,1014,estimado (NÃO observado) — 15% da capacidade TEU,Neo-Panamax,2006.0,HMM,HMM,exclusivo,Independente,,FIL,Chipre,303.0,,74651.0,80102.0,Navios,True,Confirmada,Afretada,
9720495,MSC BRANKA,9411.0,1200,estimado (NÃO observado) — 15% capado no teto de classe (1200 TEU),Neo-Panamax,2016.0,MSC,MSC,exclusivo,Independente,,AFEX,Portugal,299.0,,95514.0,131034.0,MSC,True,Confirmada,Propria,
9725134,HYUNDAI JUPITER,10055.0,1500,estimado (NÃO observado) — 15% capado no teto de classe (1500 TEU),Large Post-Panamax,2016.0,Múltiplos,"HMM, ONE Line, Yang Ming",partilhado,Múltiplas alianças,"HMM, ONE Line, Yang Ming",PS3,Reino Unido,324.0,,110632.0,124092.0,Zodiac Maritime,True,Confirmada,Afretada,
9631125,LORI,3614.0,542,estimado (NÃO observado) — 15% da capacidade TEU,Panamax,2013.0,Múltiplos,"Hapag-Lloyd, Maersk",partilhado,Gemini Cooperation,"Hapag-Lloyd, Maersk",CON/U4G,Libéria,228.0,,41300.0,51776.0,Black Pearls Maritime Refo Ltd,True,Confirmada,Afretada,
9628154,VALOR,8827.0,1200,estimado (NÃO observado) — 15% capado no teto de classe (1200 TEU),Neo-Panamax,2013.0,Múltiplos,"Hapag-Lloyd, MSC, ZIM",partilhado,Múltiplas alianças,"Hapag-Lloyd, MSC, ZIM",MSE/WMSAEC/SAM,Malta,299.0,,95390.0,116899.0,Costamare Shipping,True,Confirmada,Afretada,
9295220,CMA CGM SHANGHAI,7471.0,1120,estimado (NÃO observado) — 15% da capacidade TEU,Neo-Panamax,2005.0,CMA CGM,"CMA CGM, ONE Line",partilhado,Ocean Alliance,ONE Line,KILIMA/EA2,Malta,300.0,,82794.0,93558.0,CMA CGM,True,Confirmada,Propria,
9450387,BREMEN,8580.0,1200,estimado (NÃO observado) — 15% capado no teto de classe (1200 TEU),Neo-Panamax,2009.0,MSC,MSC,exclusivo,Independente,,EMUSA,Libéria,334.0,,91203.0,109795.0,CP Offen / CPO Containerschiffreederei,True,Confirmada,Afretada,"Ex-CPO Bremen, ex-Vancouver Express. Titular confirmado: CP Offen / CPO Containerschiffreederei (Hamburgo)."
9286243,CONTI MAKALU,8238.0,1200,estimado (NÃO observado) — 15% capado no teto de classe (1200 TEU),Neo-Panamax,2004.0,MSC,MSC,exclusivo,Independente,,INDUSA,Libéria,334.0,,90745.0,101898.0,Conti-Reederei,True,Confirmada,Afretada,"Ex-MSC Texas, ex-Niledutch Makalu. Titular confirmado: Conti-Reederei (fundos KG geridos por NSB/grupo Ernst Russ)."
9326768,MSC NISHA V,4298.0,644,estimado (NÃO observado) — 15% da capacidade TEU,Panamax,2006.0,MSC,MSC,exclusivo,Independente,,EAGLE/PHI,Libéria,264.0,,41899.0,53627.0,MSC,True,Confirmada,Propria,"Ex-North Bridge. Buscas de IA divergiram sobre escala Brasil 2025 (chegaram a negar); confirmado positivo via antaq_c (84 linhas, jul/2025)."
9704984,MSC NAOMI,8827.0,1200,estimado (NÃO observado) — 15% capado no teto de classe (1200 TEU),Neo-Panamax,2015.0,MSC,MSC,exclusivo,Independente,,CARIOCA,Portugal,299.0,,96333.0,127360.0,CIMC,True,Confirmada,Afretada,"Titular confirmado: CIMC, via Perfect Day Enterprises Ltd — não é MSC apesar do nome e de o Manager ser subsidiária MSC."
9253026,ANNIE B,2824.0,400,estimado (NÃO observado) — 15% capado no teto de classe (400 TEU),Feeder / Sub-Panamax,2003.0,Múltiplos,"Hapag-Lloyd, Maersk, UFEE (não identificado)",partilhado,Gemini Cooperation,"Hapag-Lloyd, Maersk, UFEE (não identificado)",BSX/Z84/UME,Libéria,222.0,,28596.0,39383.0,Harper Petersen & Co,True,Confirmada,Afretada,"Titular confirmado: Harper Petersen & Co, via Clement Shipping Ltd. Pendente: operador do código UFEE ainda não identificado — excluir da contagem de linhas partilhadas até resolver."
9309277,MONA LISA,3534.0,530,estimado (NÃO observado) — 15% da capacidade TEU,Panamax,2006.0,Múltiplos,"Hapag-Lloyd, Emirates",partilhado,Múltiplas alianças,"Hapag-Lloyd, Emirates",EGIA/EA2,Libéria,231.0,,35975.0,42102.0,Universal Shipping Alliance,True,Confirmada,Afretada,"Ex-Lisa Schulte, ex-Csav Panamby. Titular confirmado: Universal Shipping Alliance, via Float Maritime SA. Partilhado: Emirates (EGIA) e Hapag-Lloyd (EA2)."
9727613,CAPE KORTIA,11010.0,1500,estimado (NÃO observado) — 15% capado no teto de classe (1500 TEU),Large Post-Panamax,2017.0,MSC,MSC,exclusivo,Independente,,California Express,Malta,330.0,,112836.0,134731.0,Costamare Shipping (Ainsley Maritime Co.),False,Não confirmada,Afretada Provisoria,"Titular provável (não confirmado): Ainsley Maritime Co., gestão Costamare Shipping. Rota Brasil 2025: Ásia (fev-mar/2025)."
9686912,JAMAICA EXPRESS,6882.0,1032,estimado (NÃO observado) — 15% da capacidade TEU,Neo-Panamax,2015.0,Hapag-Lloyd,"CMA CGM, Maersk, Hapag-Lloyd",partilhado,Múltiplas alianças,"CMA CGM, Maersk",TA11/MGX,Ilhas Marshall,271.0,,70704.0,85133.0,Menelaos Marine LLC,True,Confirmada,Afretada,"Ex-Olivia I, ex-Uasc Yas, ex-Olivia. A escala Brasil real de 2025 (confirmada via antaq_c: Rio Grande 28/out, Paranaguá 1/nov, Santos 10/nov/2024, com perna final registada início 2025) provavelmente ocorreu sob o nome anterior 'Olivia I' — nome atual 'Jamaica Express' só passou a ser usado depois. Titular CONFIRMADO via ficha MagicPort: Menelaos Marine LLC, gestão Technomar Shipping Inc — mesma dupla grega já confirmada no Epaminondas (grupo de gestão recorrente). Hoje (2026) segue ativo em rota Maersk/CMA CGM, Tanger Med."
9710438,MSC CHANNE,8827.0,1200,estimado (NÃO observado) — 15% capado no teto de classe (1200 TEU),Neo-Panamax,2015.0,MSC,MSC,exclusivo,Independente,,IROKO,Portugal,299.0,,96333.0,127360.0,Ultimate Idea Holdings Ltd,True,Confirmada,Afretada,"Titular via leasing CIMC (Ultimate Idea Holdings Ltd, Shenzhen) — não é SPV própria MSC, é estrutura de leasing de terceiro, mesmo padrão do MSC Naomi."
9625528,HMM PRESTIGE,5023.0,753,estimado (NÃO observado) — 15% da capacidade TEU,Neo-Panamax,2013.0,HMM,HMM,exclusivo,Independente,,FIL,Liberia,255.0,,52467.0,63010.0,H Prestige SA,True,Confirmada,Afretada,"Ex-CCNI Angol, ex-Hyundai Prestige Sea. Titular SPV própria HMM (H Prestige SA, gestão HMM Co Ltd / HMM Ocean Service, Busan)."
9983695,MSC DOUALA VIII,7900.0,1185,estimado (NÃO observado) — 15% da capacidade TEU,Neo-Panamax,2024.0,MSC,MSC,exclusivo,Independente,,IROKO,Portugal,272.0,,75448.0,87609.0,Glorious Turquoise Inc.,True,Confirmada,Afretada,"SPV própria MSC (Glorious Turquoise Inc., mesmo endereço Genebra da MSC Mediterranean Shipping Co) — titular e operador são economicamente a mesma empresa, apesar de entidades legais separadas."
9120853,MSC FIE X,9578.0,1200,estimado (NÃO observado) — 15% capado no teto de classe (1200 TEU),Neo-Panamax,1997.0,MSC,MSC,exclusivo,Independente,,INDUSA,Liberia,347.0,,92198.0,110387.0,Susan Shipping & Trading Ltd,True,Confirmada,Afretada,"Ex-Susan Maersk, ex-MSC Fie. SPV própria MSC (Susan Shipping & Trading Ltd, mesmo endereço Genebra da MSC Mediterranean Shipping Co)."
9202168,MYD TIANJIN,1618.0,242,estimado (NÃO observado) — 15% da capacidade TEU,Feeder / Sub-Panamax,1999.0,Evergreen,Evergreen,exclusivo,Ocean Alliance,,China-Vietnam-Malaysia Service,Panamá,182.0,28.0,17887.0,19309.0,Evergreen Marine Corp,True,Confirmada,Propria,"Titularidade própria direta — Evergreen Marine Corp é dona e operadora ao mesmo tempo, sem SPV intermediária visível."
9251688,MSC VANESSA,6732.0,1009,estimado (NÃO observado) — 15% da capacidade TEU,Neo-Panamax,2003.0,MSC,MSC,exclusivo,Independente,,MALABAR,Panamá,299.0,,76512.0,97241.0,Aldreda Compania Naviera SA,True,Confirmada,Afretada,"SPV própria MSC (Aldreda Compania Naviera SA, gestão MSC Shipmanagement, Chipre)."
9305647,HYUNDAI SHANGHAI,6763.0,1014,estimado (NÃO observado) — 15% da capacidade TEU,Neo-Panamax,2006.0,Múltiplos,"Evergreen, HMM, Hapag-Lloyd, ONE Line",partilhado,Múltiplas alianças,"Evergreen, HMM, Hapag-Lloyd, ONE Line",NEAX/A1X/NAX/AUE,Chipre,303.0,,74651.0,80262.0,Cheryl Shipping Corp,True,Confirmada,Afretada,"Titular SPV própria do grupo Navios (Cheryl Shipping Corp, gestão Navios Containers Management, Pireu) — mesmo grupo já confirmado para Navios Vermilion e Navios Domino na tabela. VSA genuíno entre 4 linhas de 3 alianças distintas."
9141297,MSC ROCHELLE,4800.0,720,estimado (NÃO observado) — 15% da capacidade TEU,Panamax,1997.0,MSC,"MSC, WEC Lines",partilhado,Independente,WEC Lines,EAX,Liberia,293.0,,53324.0,70947.0,Rochelle Oceanic Inc,True,Confirmada,Afretada,"SPV própria MSC (Rochelle Oceanic Inc., mesmo endereço Genebra), partilhado com WEC Lines (linha independente, não mapeada a aliança formal) no serviço EAX."
9465095,MSC JAVELIN IX,8814.0,1200,estimado (NÃO observado) — 15% capado no teto de classe (1200 TEU),Neo-Panamax,2009.0,MSC,"MSC, ZIM",partilhado,Independente,ZIM,LONE STAR EXPRESS,Portugal,333.0,,94407.0,128194.0,Bettany Oceanway Ltd,True,Confirmada,Afretada,"SPV própria MSC (Bettany Oceanway Ltd, gestão MSC Shipmanagement Chipre), partilhado com Zim (ambos Independente) no serviço Lone Star Express (ZSL)."
9470882,EF ELDRA,1341.0,201,estimado (NÃO observado) — 15% da capacidade TEU,Feeder / Sub-Panamax,2010.0,Maersk,Maersk,exclusivo,Gemini Cooperation,,,Portugal,161.0,,16137.0,17230.0,Peter Doehle Schiffahrts-KG,True,Confirmada,Afretada,"Titular via SPV EF Eldra GmbH & Co KG (Hamburgo). Operador Maersk, serviço W7X, exclusivo."
9127021,MSC IZMIR F,1122.0,168,estimado (NÃO observado) — 15% da capacidade TEU,Feeder / Sub-Panamax,1996.0,MSC,MSC,exclusivo,Independente,,,Liberia,157.0,,12029.0,14587.0,MSC,True,Confirmada,Propria,"Titular via SPV Avra Oceanway Ltd c/o MSC Shipmanagement, Chipre. Operador MSC, serviço APF, exclusivo. Titular também opera."
9443023,EXPRESS BRAZIL,3398.0,509,estimado (NÃO observado) — 15% da capacidade TEU,Panamax,2010.0,Múltiplos,"CMA CGM, Maersk",partilhado,Múltiplas alianças,"CMA CGM, Maersk",,Malta,222.0,,35595.0,44164.0,Danaos Shipping Co Ltd,True,Confirmada,Afretada,"Titular via Cellcontainer No 2 Corp c/o Danaos, Pireu. Operador partilhado CMA-CGM (KORA) + Maersk (U4X). SPECS INCOMPLETOS: falta DWT/GT/LOA/bandeira."
9961972,LOG-IN EXPERIENCE,3158.0,473,estimado (NÃO observado) — 15% da capacidade TEU,Panamax,2024.0,CMA CGM,CMA CGM,exclusivo,Ocean Alliance,,,Brasil,199.0,,34529.0,41750.0,Log-In International GmbH,True,Confirmada,Afretada,"Titular via SPV alemã do grupo Log-In (não a entidade brasileira direta). Operador CMA-CGM, LATAM2, exclusivo. Pendência Log-In/Aliança (titularidade corporativa) ainda adiada. SPECS INCOMPLETOS."
9735206,MSC PALAK,9408.0,700,observado — ficha do navio,Neo-Panamax,2016.0,MSC,MSC,exclusivo,Independente,,,Portugal,299.0,,97805.0,128561.0,MSC,True,Confirmada,Propria,"Titular via Avenue 7 Holding Ltd c/o MSC, Genebra. Operador MSC, MALABAR, exclusivo. Reefer capacity=700 OBSERVADO. SPECS INCOMPLETOS: falta DWT/GT/LOA/bandeira."
9302956,CMA CGM BEIRA,2602.0,390,estimado (NÃO observado) — 15% da capacidade TEU,Feeder / Sub-Panamax,2006.0,CMA CGM,"CMA CGM, COSCO, ONE Line",partilhado,Múltiplas alianças,"COSCO, ONE Line",,Malta,210.0,,26671.0,34457.0,CMA CGM S.A.,True,Confirmada,Propria,"Ex-Cosmos. Vendido à CMA CGM em 2022 (era Citra Ltd/grupo Schulte, operador histórico Chiquita) — 1º caso do dataset de mudança de titularidade por venda documentada. Titular também opera. SPECS INCOMPLETOS."
9634646,ST. JOHN,1705.0,255,estimado (NÃO observado) — 15% da capacidade TEU,Feeder / Sub-Panamax,2014.0,ZIM,ZIM,exclusivo,Independente,,,Malta,171.0,,16889.0,21508.0,Marine Ventures Shipping Ltd,True,Confirmada,Afretada,"Titular via Eastern Mediterranean Maritime Ltd (EASTMED), Glyfada, Atenas. Operador Zim, ZCX, exclusivo. SPECS INCOMPLETOS."
9372860,CMA CGM SPIRIT,3426.0,513,estimado (NÃO observado) — 15% da capacidade TEU,Panamax,2008.0,CMA CGM,"CNC Line, CMA CGM, COSCO",partilhado,Ocean Alliance,"CNC Line, COSCO",,Malta,228.0,,36087.0,42594.0,CMA CGM S.A.,True,Confirmada,Propria,"Titular direto, sem SPV (Registered Owner + Commercial Manager CMA CGM SA The French Line, Marselha). Titular também opera. SPECS INCOMPLETOS."
9443035,EXPRESS FRANCE,3398.0,509,estimado (NÃO observado) — 15% da capacidade TEU,Panamax,2010.0,Múltiplos,"CMA CGM, COSCO, Maersk",partilhado,Múltiplas alianças,"CMA CGM, COSCO, Maersk",,Malta,222.0,,35595.0,44080.0,Danaos Shipping Co Ltd,True,Confirmada,Afretada,"Titular via Cellcontainer No 3 Corp c/o Danaos, Pireu. SPECS INCOMPLETOS."
9418377,CMA CGM VERACRUZ,3426.0,513,estimado (NÃO observado) — 15% da capacidade TEU,Panamax,2010.0,CMA CGM,CMA CGM,exclusivo,Ocean Alliance,,,Brasil,228.0,,36087.0,42598.0,CMA CGM S.A.,True,Confirmada,Propria,"ISM/Commercial Manager Mercosul Line Navegação (marca de cabotagem da própria CMA CGM, mesmo padrão Mercosul Fortaleza). Titular também opera."
9351218,MSC STRAIT II,1713.0,256,estimado (NÃO observado) — 15% da capacidade TEU,Feeder / Sub-Panamax,2008.0,MSC,MSC,exclusivo,Independente,,,Liberia,175.0,,18123.0,22314.0,Rehder Reederei,True,Confirmada,Afretada,"Ex-Tasman Strait/Tasma/Ocean Emerald. Titular Rehder Reederei (Hamburgo, arrendadora nova) — rebatismo comercial não muda titularidade técnica. Operador MSC (PARANA FEEDER), exclusivo. SPECS INCOMPLETOS."
9313199,LI DA XING,1638.0,245,estimado (NÃO observado) — 15% da capacidade TEU,Feeder / Sub-Panamax,2005.0,QT Lihui Ltd,QT Lihui Ltd,exclusivo,Independente,,,Marshall Islands,170.0,,16324.0,15952.0,QT Lihui Ltd,True,Confirmada,Propria,"Ex-Cast Prosperity/Eilbek/Baltic Tern/Altic Tern/Balti (6 nomes). ISM Manager Lida Ship Management Ltd. FECHADO POR JULGAMENTO DE HUGO — sem card de serviço Flexport confirmando exclusividade, decisão tomada após 3 fontes convergentes de titular e nenhuma fonte de VSA encontrada."
9219379,MSC POLONIA III,3091.0,463,estimado (NÃO observado) — 15% da capacidade TEU,Panamax,2003.0,MSC,MSC,exclusivo,Independente,,,Liberia,220.0,,35881.0,41844.0,MSC,True,Confirmada,Propria,"Titular via Aureliana Oceanway Ltd c/o MSC Shipmanagement, Chipre (família ""-oceanway""). FECHADO POR JULGAMENTO DE HUGO — sem card de serviço Flexport confirmando exclusividade."
9625396,VICENTE PINZON,4848.0,727,estimado (NÃO observado) — 15% da capacidade TEU,Panamax,2014.0,Maersk,"Maersk, Hapag-Lloyd",partilhado,Múltiplas alianças,Hapag-Lloyd,,Brasil,254.0,,47799.0,57881.0,Aliança Navegação,True,Confirmada,Propria,"IMO NOVO, não estava nas 248 linhas originais. Titular direto, sem SPV. Operador partilhado 3 linhas via card real Flexport Atlas (ANRM G1E + Hapag-Lloyd NCF + Maersk G1E) — mesma família do Americo Vespucio (4 linhas). Titular também opera."
9732606,CMA CGM YUKON,9443.0,1200,estimado (NÃO observado) — 15% capado no teto de classe (1200 TEU),Neo-Panamax,2016.0,CMA CGM,"CMA CGM, COSCO, Evergreen, Maersk, Yang Ming",partilhado,Múltiplas alianças,"COSCO, Evergreen, Maersk, Yang Ming",SIRIUS/ESA/96M/SA3,Malta,300.0,,93702.0,117366.0,CMA CGM,True,Confirmada,Propria,"Registered Owner: CMA CGM SA The French Line, Marselha (MagicPort, set/2026). Nome no Vessels_Master não corresponde ao IMO (confirmado no Atlas, set/2026). Serviço/operadores do Atlas em set/2026 — confirma operador, não prova rota de 2025."
9605279,MSC AMALFI,9403.0,1000,observado — ficha do navio,Neo-Panamax,2014.0,MSC,"Hapag-Lloyd, MSC, ZIM",partilhado,Múltiplas alianças,"Hapag-Lloyd, ZIM",MSE/WMSAEC/SAM,Malta,299.0,48.33,95014.0,117999.0,Costamare Shipping,True,Confirmada,Afretada,"Registered Owner: Cadence Shipping Co c/o Costamare, Atenas; charterer MSC (MagicPort + ficha do navio). Nome no Vessels_Master não corresponde ao IMO (confirmado no Atlas, set/2026). Serviço/operadores do Atlas em set/2026 — confirma operador, não prova rota de 2025."
9429326,VIVALDI,2546.0,382,estimado (NÃO observado) — 15% da capacidade TEU,Feeder / Sub-Panamax,2010.0,Múltiplos,"HMM, ONE Line",partilhado,Premier Alliance,"HMM, ONE Line",MA2/MAX,Libéria,208.0,,26435.0,34264.0,Total Shipmanagement Services,True,Confirmada,Afretada,"Registered Owner: Ursa Minor Marine Inc c/o Total Shipmanagement Services, Atenas (MagicPort). Serviço/operadores do Atlas em set/2026 — confirma operador, não prova rota de 2025."
9625384,BARTOLOMEU DIAS,4848.0,727,estimado (NÃO observado) — 15% da capacidade TEU,Panamax,2014.0,Maersk,"Maersk, Hapag-Lloyd",partilhado,Gemini Cooperation,Hapag-Lloyd,G1E/NCF/IRL,Brasil,254.0,,47799.0,57818.0,Aliança Navegação,True,Confirmada,Propria,"Registered Owner: Aliança Navegação, São Paulo — grupo Maersk (MagicPort, set/2026). Provável família Aliança (Americo Vespucio/Vicente Pinzon) — titular por confirmar. Serviço/operadores do Atlas em set/2026 — confirma operador, não prova rota de 2025."
9337274,GSL MERCER,2824.0,586,observado — ficha do navio,Feeder / Sub-Panamax,2007.0,Múltiplos,"MSC, ONE Line",partilhado,Múltiplas alianças,"MSC, ONE Line",AMAZONE/CX1,Libéria,222.0,30.07,28616.0,39339.0,Global Ship Lease,True,Confirmada,Afretada,"Registered Owner: Global Ship Lease 61 LLC c/o ConChart, Atenas (MagicPort + ficha). Ex-CMA CGM Pointe des Salines, ex-Mozart. Nome no Vessels_Master não corresponde ao IMO (confirmado no Atlas, set/2026). Serviço/operadores do Atlas em set/2026 — confirma operador, não prova rota de 2025."
9214214,GSL ARCADIA,5762.0,864,estimado (NÃO observado) — 15% da capacidade TEU,Neo-Panamax,2000.0,MSC,MSC,exclusivo,Independente,,IROKO,Libéria,277.0,,66289.0,71080.0,Global Ship Lease,True,Confirmada,Afretada,"Registered Owner: GSL Arcadia LLC c/o ConChart, Atenas (MagicPort). Serviço/operadores do Atlas em set/2026 — confirma operador, não prova rota de 2025."
9723241,CZECH,9040.0,1200,estimado (NÃO observado) — 15% capado no teto de classe (1200 TEU),Neo-Panamax,2015.0,Múltiplos,"Hapag-Lloyd, MSC",partilhado,Múltiplas alianças,"Hapag-Lloyd, MSC",ECX/NWCSAEC1,Libéria,299.0,,94684.0,111530.0,Ocean Dance Shipping Ltd,True,Confirmada,Afretada,"Registered Owner: Ocean Dance Shipping Ltd, Hong Kong; gestão ConChart/Technomar (MagicPort). Ligação à GSL não confirmada. Serviço/operadores do Atlas em set/2026 — confirma operador, não prova rota de 2025."
9526942,MAERSK LAGUNA,8700.0,1200,estimado (NÃO observado) — 15% capado no teto de classe (1200 TEU),Neo-Panamax,2012.0,Maersk,"CMA CGM, Maersk",partilhado,Múltiplas alianças,CMA CGM,SAFRAN1/NEOSAMBA,Dinamarca,299.0,,89174.0,106043.0,Maersk A/S,True,Confirmada,Propria,"Serviço/operadores do Atlas em set/2026 — confirma operador, não prova rota de 2025. | Titularidade: MagicPort 25/09/2026"
9285691,MSC VANCOUVER,7849.0,1177,estimado (NÃO observado) — 15% da capacidade TEU,Neo-Panamax,2004.0,MSC,MSC,exclusivo,Independente,,IROKO,Libéria,300.0,,83133.0,106449.0,"MSC (Vancouver Shipping Ltd, sociedade no endereço da MSC Shipmanagement)",True,Confirmada,Propria,"Nome no Vessels_Master não corresponde ao IMO (confirmado no Atlas, set/2026). Serviço/operadores do Atlas em set/2026 — confirma operador, não prova rota de 2025. | Titularidade: MagicPort 25/09/2026"
9525388,MAERSK CHACHAI,4496.0,674,estimado (NÃO observado) — 15% da capacidade TEU,Panamax,2012.0,Maersk,"Maersk, MSC",partilhado,Múltiplas alianças,MSC,UHD/GULF-SAEC1,Hong Kong,249.0,,50714.0,61614.0,Maersk (Moller Singapore AP Pte Ltd),True,Confirmada,Propria,"Nome no Vessels_Master não corresponde ao IMO (confirmado no Atlas, set/2026). Serviço/operadores do Atlas em set/2026 — confirma operador, não prova rota de 2025. | Titularidade: MagicPort 25/09/2026"
9527037,MAERSK LONDRINA,8700.0,1200,estimado (NÃO observado) — 15% capado no teto de classe (1200 TEU),Neo-Panamax,2012.0,Maersk,"CMA CGM, Maersk",partilhado,Múltiplas alianças,CMA CGM,SAFRAN1/NEOSAMBA,Dinamarca,299.0,,90107.0,99778.0,Maersk A/S,True,Confirmada,Propria,"Serviço/operadores do Atlas em set/2026 — confirma operador, não prova rota de 2025. | Titularidade: MagicPort 25/09/2026"
9694581,MAERSK GANGES,5466.0,820,estimado (NÃO observado) — 15% da capacidade TEU,Neo-Panamax,2014.0,Maersk,"Maersk, Hapag-Lloyd, CMA CGM",partilhado,Múltiplas alianças,"Hapag-Lloyd, CMA CGM",G1E/NCF/IRL/LATAM2,Brasil,255.0,,51872.0,65223.0,Maersk (Moller Singapore AP Pte Ltd; ISM Aliança Navegação),True,Confirmada,Propria,"Nome no Vessels_Master não corresponde ao IMO (confirmado no Atlas, set/2026). Serviço/operadores do Atlas em set/2026 — confirma operador, não prova rota de 2025. | Titularidade: MagicPort 25/09/2026"
9719874,CAPE PIONEER,6865.0,1030,estimado (NÃO observado) — 15% da capacidade TEU,Neo-Panamax,2017.0,Múltiplos,"Hapag-Lloyd, Maersk, MSC, ONE Line",partilhado,Múltiplas alianças,"Hapag-Lloyd, Maersk, MSC, ONE Line",GS1/UHA/GULF-SAEC2/ANG,Chipre,270.0,,70704.0,79880.0,Cape Shipping / Cape Maritime (Grey Cedar Shipping Ltd),True,Confirmada,Afretada,"Serviço/operadores do Atlas em set/2026 — confirma operador, não prova rota de 2025. | Titularidade: MagicPort 25/09/2026"
9697002,MERCOSUL ITAJAI,2500.0,375,estimado (NÃO observado) — 15% da capacidade TEU,Feeder / Sub-Panamax,2015.0,CMA CGM,CMA CGM,exclusivo,Ocean Alliance,,PUMAMRC,Brasil,194.0,,28237.0,35586.0,Mercosul Line Navegação (grupo CMA CGM),True,Confirmada,Propria,"Serviço/operadores do Atlas em set/2026 — confirma operador, não prova rota de 2025. | Titularidade: MagicPort 25/09/2026"
9850812,EVER FINE,11888.0,1500,estimado (NÃO observado) — 15% capado no teto de classe (1500 TEU),Large Post-Panamax,2021.0,Evergreen,"COSCO, Evergreen, PIL, Wan Hai Lines, Yang Ming",partilhado,Múltiplas alianças,"COSCO, PIL, Wan Hai Lines, Yang Ming",WSA/SA4,Libéria,333.0,,116295.0,130573.0,Evergreen (Berlian Steamship Inc c/o Evergreen Taipé),True,Confirmada,Propria,"Nome no Vessels_Master não corresponde ao IMO (confirmado no Atlas, set/2026). Serviço/operadores do Atlas em set/2026 — confirma operador, não prova rota de 2025. | MagicPort 25/09/2026: owner Berlian Steamship Inc (morada Evergreen), ISM Shoei Kisen KK — titularidade inconclusiva | Titularidade confirmada: MagicPort 25/09/2026 — registered owner c/o Evergreen, commercial Evergreen, ISM Shoei Kisen; ISM terceiro não invalida titular c/o linha (precedente MSC Anchorage)"
9332872,LE HAVRE EXPRESS,6494.0,974,estimado (NÃO observado) — 15% da capacidade TEU,Neo-Panamax,2009.0,Hapag-Lloyd,"Hapag-Lloyd, Maersk, MSC, ONE Line",partilhado,Múltiplas alianças,"Maersk, MSC, ONE Line",GS1/UHA/GULF-SAEC2/ANG,Libéria,293.0,,71786.0,72982.0,Hapag-Lloyd Container Linie,True,Confirmada,Propria,"Nome no Vessels_Master não corresponde ao IMO (confirmado no Atlas, set/2026). Serviço/operadores do Atlas em set/2026 — confirma operador, não prova rota de 2025. | Titularidade: EconDB + site Hapag-Lloyd, sem MagicPort; ex-Zim Hamburg"
9770763,MSC GAYANE,11142.0,1500,estimado (NÃO observado) — 15% capado no teto de classe (1500 TEU),Large Post-Panamax,2018.0,MSC,MSC,exclusivo,Independente,,CALIFORNIA EXPRESS,Libéria,314.0,,103515.0,137989.0,"MSC (Meridian 7 Ltd, sociedade no endereço da MSC)",True,Confirmada,Propria,"Serviço/operadores do Atlas em set/2026 — confirma operador, não prova rota de 2025. | Titularidade: MagicPort 25/09/2026 + Scheepvaartwest"
9649835,CMA CGM SANTOS,3884.0,583,estimado (NÃO observado) — 15% da capacidade TEU,Panamax,2013.0,CMA CGM,CMA CGM,exclusivo,Ocean Alliance,,BRACOMRC,Brasil,228.0,,42814.0,51931.0,"CMA CGM (CMA CGM SA The French Line, direto)",True,Confirmada,Propria,"Serviço/operadores do Atlas em set/2026 — confirma operador, não prova rota de 2025. | Site CMA CGM: operador Mercosul Line, bandeira Brasil — registered owner por confirmar | Titularidade confirmada: MagicPort 26/09/2026 (listado como CAP CAPRICORN) — registered owner e commercial CMA CGM SA Marselha, ISM Mercosul Line | ex-CAP CAPRICORN, renomeado 07/08/2025; titular de jan-ago/2025 não verificado"
9247546,ENSENADA,5828.0,874,estimado (NÃO observado) — 15% da capacidade TEU,Neo-Panamax,2001.0,CMA CGM,CMA CGM,exclusivo,Ocean Alliance,,,Libéria,278.0,,66332.0,67170.0,Mount Street Portfolio Advisers (Mad River Shipping Ltd; ISM V.Ships Greece),True,Confirmada,Afretada,"Sem card de serviço no Atlas; operador inferido da única fonte de ETA (CMA-CGM, jul/2026). Caso de gap temporal já documentado — confiança baixa. Serviço/operadores do Atlas em set/2026 — confirma operador, não prova rota de 2025. | Titularidade: MagicPort 25/09/2026"
9850599,EVER FUTURE,12118.0,1500,estimado (NÃO observado) — 15% capado no teto de classe (1500 TEU),Large Post-Panamax,2021.0,Evergreen,"CMA CGM, COSCO, Evergreen, OOCL",partilhado,Ocean Alliance,"CMA CGM, COSCO, OOCL",CES/AEU9/FAL8/LL7,Singapura,333.0,,117340.0,127076.0,Evergreen Marine Asia Pte Ltd,True,Confirmada,Propria,"Nome no Vessels_Master não corresponde ao IMO (confirmado no Atlas, set/2026). Serviço/operadores do Atlas em set/2026 — confirma operador, não prova rota de 2025. | Titularidade: MagicPort 25/09/2026"
9720196,MSC GISELLE,9411.0,1200,estimado (NÃO observado) — 15% capado no teto de classe (1200 TEU),Neo-Panamax,2015.0,MSC,MSC,exclusivo,Independente,,LEVANTE,Portugal,299.0,,94469.0,130819.0,MSC,True,Confirmada,Propria,"Titular: SPV Xiangwang International Ship Lease c/o MSC Genebra (MagicPort, set/2026). Boca do navio-irmão 9720201: 48,33 m. Nome no Vessels_Master não corresponde ao IMO (confirmado no Atlas, set/2026). Serviço/operadores do Atlas em set/2026 — confirma operador, não prova rota de 2025."
1016654,MSC LEILA,11586.0,1500,estimado (NÃO observado) — 15% capado no teto de classe (1500 TEU),Large Post-Panamax,2025.0,MSC,MSC,exclusivo,Não verificada,,NWCUSASAWC,Libéria,335.0,,106463.0,139647.0,"MSC (Chalune Oceanway Ltd, sociedade no endereço da MSC)",True,Confirmada,Propria,"Operadores: Flexport Atlas 25/09/2026 | Titularidade: MagicPort 25/09/2026 | serviço atual (set/2026) fora do Brasil; só o operador da marca, parceiros de 2026 não usados"
1016666,MSC INSA,11586.0,1500,estimado (NÃO observado) — 15% capado no teto de classe (1500 TEU),Large Post-Panamax,2025.0,MSC,MSC,exclusivo,Não verificada,,NWCSAEC1,Libéria,335.0,,106463.0,139641.0,"MSC (Niobe Oceanway Ltd, sociedade no endereço da MSC)",True,Confirmada,Propria,"Operadores: Flexport Atlas 25/09/2026 | Titularidade: MagicPort 25/09/2026 | serviço atual (set/2026) fora do Brasil; só o operador da marca, parceiros de 2026 não usados (Hapag-Lloyd ECX em 2026)"
9571296,LOG-IN ENDURANCE,2758.0,400,estimado (NÃO observado) — 15% capado no teto de classe (400 TEU),Feeder / Sub-Panamax,2011.0,Maersk,Maersk,exclusivo,Não verificada,,G1F,Brasil,212.0,,35708.0,41568.0,"Log-In Logística, grupo MSC (provável, pelo nome)",False,Não confirmada,Afretada Provisoria,Operadores: Flexport Atlas 25/09/2026 | escala o Brasil no serviço atual (set/2026); navio Log-In em serviço Maersk
9603219,PEDRO ALVARES CABRAL,3868.0,580,estimado (NÃO observado) — 15% da capacidade TEU,Panamax,2013.0,Maersk,"Maersk, Hapag-Lloyd, Log-In",partilhado,Não verificada,"Hapag-Lloyd, Log-In",G1D/NCF/SMN,Brasil,227.0,,42564.0,52019.0,,False,Não confirmada,Propria,"Operadores: Flexport Atlas 25/09/2026 | escala o Brasil no serviço atual (set/2026); Atlas lista ANRM (Aliança, grupo Maersk) e Maersk no G1D"
9406623,CMA CGM NERVAL,6554.0,983,estimado (NÃO observado) — 15% da capacidade TEU,Neo-Panamax,2010.0,CMA CGM,CMA CGM,exclusivo,Não verificada,,KILIMA,Malta,299.0,,72884.0,89212.0,,False,Não confirmada,Propria,"Operadores: Flexport Atlas 25/09/2026 | serviço atual (set/2026) fora do Brasil; só o operador da marca, parceiros de 2026 não usados"
9603221,FERNAO DE MAGALHAES,3868.0,580,estimado (NÃO observado) — 15% da capacidade TEU,Panamax,2013.0,Maersk,"Maersk, Hapag-Lloyd, Log-In, CMA CGM",partilhado,Não verificada,"Hapag-Lloyd, Log-In, CMA CGM",G1D/NCF/SMN/LATAM2,Brasil,227.0,,42564.0,52072.0,,False,Não confirmada,Propria,"Operadores: Flexport Atlas 25/09/2026 | escala o Brasil no serviço atual (set/2026); Atlas lista ANRM (Aliança, grupo Maersk) e Maersk no G1D"
9146479,MSC VILDA X,9578.0,1200,estimado (NÃO observado) — 15% capado no teto de classe (1200 TEU),Neo-Panamax,1998.0,MSC,MSC,exclusivo,Não verificada,,IAS,Libéria,346.0,,92198.0,110387.0,,False,Não confirmada,Propria,"Operadores: Flexport Atlas 25/09/2026 | serviço atual (set/2026) fora do Brasil; só o operador da marca, parceiros de 2026 não usados"
9398228,MSC NOA,6969.0,1045,estimado (NÃO observado) — 15% da capacidade TEU,Neo-Panamax,2009.0,MSC,MSC,exclusivo,Não verificada,,NWCIPAK,Libéria,304.0,,76486.0,103192.0,,False,Não confirmada,Propria,"Operadores: Flexport Atlas 25/09/2026 | serviço atual (set/2026) fora do Brasil; só o operador da marca, parceiros de 2026 não usados (WEC Lines em 2026)"
9625530,HMM PREMIUM,5023.0,753,estimado (NÃO observado) — 15% da capacidade TEU,Neo-Panamax,2013.0,HMM,HMM,exclusivo,Não verificada,,FIL,Libéria,255.0,,52467.0,63015.0,,False,Não confirmada,Propria,Operadores: Flexport Atlas 25/09/2026 | escala o Brasil no serviço atual (set/2026)
9720457,MSC SILVIA,9411.0,1200,estimado (NÃO observado) — 15% capado no teto de classe (1200 TEU),Neo-Panamax,2015.0,MSC,MSC,exclusivo,Não verificada,,MALABAR,Portugal,299.0,,95514.0,131034.0,"MSC (registered owner Xinlong International Ship, Hong Kong — titularidade MSC por decisão do autor)",True,Confirmada,Propria,"Operadores: Flexport Atlas 25/09/2026 | serviço atual (set/2026) fora do Brasil; só o operador da marca, parceiros de 2026 não usados; Atlas sem código de serviço (só MSC como fonte de ETA) | Rota: Econdb 25/09/2026 (MALABAR EXPRESS); Atlas sem código de serviço | Titularidade confirmada por decisão do autor 27/09/2026: registered owner Xinlong International Ship com morada só em Hong Kong (sem c/o MSC); outras bases indicam owner MSC; opera exclusivamente para a MSC (MALABAR) | Prova mais fraca que as SPVs c/o MSC — declarado no README"
9506394,LOG-IN DISCOVERY,2546.0,382,estimado (NÃO observado) — 15% da capacidade TEU,Feeder / Sub-Panamax,2014.0,Log-In,"Log-In, MSC",partilhado,Não verificada,MSC,SSV/VITORIA,Brasil,208.0,,26374.0,34022.0,Log-In Navegação Ltda (grupo MSC),True,Confirmada,Propria,Operadores: Flexport Atlas 25/09/2026 | Titularidade: MagicPort 25/09/2026 | escala o Brasil no serviço atual (set/2026) (próximo porto Rio de Janeiro); Log-In e MSC do mesmo grupo
9943085,MAERSK REDWOOD,3500.0,525,estimado (NÃO observado) — 15% da capacidade TEU,Panamax,2024.0,Maersk,"Maersk, Hapag-Lloyd",partilhado,Não verificada,Hapag-Lloyd,U4G/CON,Singapura,200.0,,42799.0,49974.0,Goodwill Maritime Pte Ltd (Singapura),True,Confirmada,Afretada,"Operadores: Flexport Atlas 25/09/2026 | Titularidade: MagicPort 25/09/2026 (owner e commercial Goodwill Maritime, ISM Synergy Pacific) | Brasil só pelo destino AIS (Rio Grande, MagicPort); Atlas indica próximo porto San Antonio, Chile"
9525314,MAERSK CAPE COAST,4496.0,150,observado — ficha do navio,Panamax,2011.0,Maersk,Maersk,exclusivo,Não verificada,,FW2,Singapura,249.0,37.4,50940.0,61614.0,Maersk (Moller Singapore AP Pte Ltd; registered owner Maersk Line Fleet Management),True,Confirmada,Propria,"Operadores: Flexport Atlas 25/09/2026 | Titularidade, Beam e reefer: ficha técnica 27/05/2021 | serviço atual (set/2026) fora do Brasil; só o operador da marca, parceiros de 2026 não usados"
9850874,EVER FAST,11888.0,1500,estimado (NÃO observado) — 15% capado no teto de classe (1500 TEU),Large Post-Panamax,2021.0,Evergreen,Evergreen,exclusivo,Não verificada,,NUE,Libéria,333.0,,116295.0,130573.0,Evergreen (Manatee Navigation SA c/o Evergreen Taipé),True,Confirmada,Propria,"Operadores: Flexport Atlas 25/09/2026 | serviço atual (set/2026) fora do Brasil; só o operador da marca, parceiros de 2026 não usados | Titularidade confirmada: MagicPort 25/09/2026 — registered owner c/o Evergreen, commercial Evergreen, ISM SMTECH Busan; ISM terceiro não invalida titular c/o linha (precedente MSC Anchorage); Econdb owner Evergreen Marine Corp."
9974503,MSC GHANA,8496.0,1200,estimado (NÃO observado) — 15% capado no teto de classe (1200 TEU),Neo-Panamax,2025.0,MSC,MSC,exclusivo,Não verificada,,ENU,Libéria,260.0,,79181.0,101456.0,"MSC (Hauhet Oceanway Ltd, sociedade no endereço da MSC)",True,Confirmada,Propria,"Operadores: Flexport Atlas 25/09/2026 | Titularidade: MagicPort 25/09/2026 | serviço atual (set/2026) fora do Brasil; só o operador da marca, parceiros de 2026 não usados"
9595448,EVER LADEN,9466.0,942,observado — ficha do navio,Neo-Panamax,2012.0,Evergreen,Evergreen,exclusivo,Não verificada,,CIX2,Panamá,334.0,45.8,99995.0,103668.0,Evergreen (Yamasa New Pulsar V2 SA c/o Evergreen Taipé; ISM e commercial Evergreen),True,Confirmada,Propria,"Operadores: Flexport Atlas 25/09/2026 | Titularidade, Beam e reefer: ficha técnica 22/03/2025 | serviço atual (set/2026) fora do Brasil; só o operador da marca, parceiros de 2026 não usados"
9720512,MSC MICHELA,9411.0,1200,estimado (NÃO observado) — 15% capado no teto de classe (1200 TEU),Neo-Panamax,2016.0,MSC,MSC,exclusivo,Não verificada,,ASIA-ECSA,Portugal,299.0,,95514.0,131034.0,"MSC (Ample Pointer Ltd, sociedade no endereço da MSC)",True,Confirmada,Propria,"Operadores: Flexport Atlas 25/09/2026 | Titularidade: MagicPort 25/09/2026 | escala o Brasil no serviço atual (set/2026) (WMSAEC); MSE e SAM de parceiros em 2026 — 3 trades, operadores de 2025 não confirmados | Operador de 2025 corrigido 27/09/2026 (regra 0): Atlas Past Port Calls — fora do Brasil jun-nov/2025 (Índia/Ásia/EUA); no Brasil desde 30/nov/2025 em rotação Ásia-ECSA via Walvis Bay/Khalifa (semelhante ao Carioca da MSC, nome não confirmado); ANTAQ: abr-mai 13.913 TEU (58%) + dez 10.107 (42%), pares de carga Ásia/Médio Oriente (Ningbo, Shanghai, Abu Dhabi); Hapag-Lloyd, ZIM e WMSAEC/MSE/SAM são de 2026 — retirados; abr-mai sem histórico: MSC por ser navio próprio de marca; slots de outras linhas em 2025 não verificados"
9961960,LOG-IN EVOLUTION,3158.0,474,estimado (NÃO observado) — 15% da capacidade TEU,Panamax,2024.0,Hapag-Lloyd,Hapag-Lloyd,exclusivo,Não verificada,,NCF/IRL,Brasil,199.0,,34529.0,41750.0,Log-In International GmbH (grupo MSC),True,Confirmada,Afretada,"Operadores: Flexport Atlas 25/09/2026 | Titularidade: MagicPort 25/09/2026 (commercial e ISM Log-In Logística Intermodal) | escala o Brasil no serviço atual (set/2026) (próximo porto Salvador; destino AIS Navegantes); operador de 2025 pode ter sido Log-In/MSC | Decisão de Hugo 27/09/2026 (opção B): mantido Hapag-Lloyd; operador PROVADO só para 12% do TEU LC 2025 (out+dez, loop NCF/IRL pelo histórico Atlas); jan-fev = 21.140 TEU (88%) em padrão Navegantes↔Rio/Itaguaí sem histórico — operador não verificado (pista Log-In/MSC); jun-set registado como cabotagem na ANTAQ | Incluir no teste de sensibilidade; tratamento diferente do ATACAMA (retirado) declarado no README"
9250983,MSC DAMLA,6402.0,500,observado — ficha do navio,Neo-Panamax,2002.0,MSC,"MSC, Maersk",partilhado,Não verificada,Maersk,GULF-SAEC1/UHD,Panamá,293.0,40.0,74990.0,83661.0,"MSC (Andrine SA, sociedade no endereço da MSC)",True,Confirmada,Propria,"Operadores: Flexport Atlas 25/09/2026 | escala o Brasil no serviço atual (set/2026) (próximo porto Santos) | Beam e reefer: ficha técnica 28/01/2025 | Titularidade confirmada: MagicPort 25/09/2026 — registered owner Andrine SA c/o MSC Genebra; commercial MSC, ISM MSC Shipmanagement"
9261889,CMA CGM FORT ST LOUIS,2260.0,556,observado — ficha do navio,Feeder / Sub-Panamax,2003.0,CMA CGM,CMA CGM,exclusivo,Não verificada,,AMERXL,Chipre,197.0,30.2,26342.0,30804.0,CMA CGM (Talent Fortune International Holding Ltd c/o CMA CGM Marselha),True,Confirmada,Propria,"Operadores: Flexport Atlas 25-26/09/2026 | Titularidade, Beam e reefer: ficha técnica 30/10/2022 (ISM CMA Ships) | serviço atual (set/2026) fora do Brasil; só o operador da marca, parceiros de 2026 não usados (próximo porto Callao; COSCO NEWS e ONE FLX no Atlas)"
9247766,MSC TAURUS VII,6492.0,974,estimado (NÃO observado) — 15% da capacidade TEU,Neo-Panamax,2003.0,MSC,MSC,exclusivo,Não verificada,,IROKO,Chipre,299.0,,75484.0,81171.0,MSC (Gwenora Oceanway Ltd c/o MSC Shipmanagement Limassol),True,Confirmada,Propria,"Operadores: Flexport Atlas 25-26/09/2026 | Titularidade: MagicPort 26/09/2026 (commercial e ISM MSC Shipmanagement) | serviço atual (set/2026) fora do Brasil; só o operador da marca, parceiros de 2026 não usados (próximo porto Ningbo)"
9166780,MSC ELLEN X,9733.0,1200,estimado (NÃO observado) — 15% capado no teto de classe (1200 TEU),Neo-Panamax,1999.0,MSC,MSC,exclusivo,Não verificada,,DRAGON,Libéria,346.0,,92198.0,119448.0,"MSC (Soroe Shipping, SPV de 1 navio — titularidade MSC por decisão do autor)",True,Confirmada,Propria,"Operadores: Flexport Atlas 25-26/09/2026 | serviço atual (set/2026) fora do Brasil; só o operador da marca, parceiros de 2026 não usados (próximo porto Nova Iorque) | Titularidade inconclusiva, rever no fim: registered owner Soroe Shipping Ltd (SPV de 1 navio) c/o Maersk A/S Copenhaga (MagicPort 26/09/2026); commercial e ISM MSC Shipmanagement; ex-SOROE MAERSK, renomeado MSC ELLEN abr/2021; fontes secundárias dão owner MSC Genebra — provável venda à MSC com morada da SPV desatualizada | TEU diverge entre fontes (Atlas 9.733 vs 7.226); DWT 119.448/110.387/104.750 | Titularidade confirmada por decisão do autor 27/09/2026: SPV Soroe Shipping de 1 navio com morada c/o Maersk (provavelmente desatualizada: ex-SOROE MAERSK até abr/2021); ISM e commercial MSC; fontes secundárias indicam owner MSC | Declarado no README"
9327669,LOG-IN RESILIENTE,2711.0,400,estimado (NÃO observado) — 15% capado no teto de classe (400 TEU),Feeder / Sub-Panamax,2006.0,Múltiplos,"CMA CGM, Hapag-Lloyd",partilhado,Não verificada,"CMA CGM, Hapag-Lloyd",PLATAMRC/NCF,Brasil,210.0,,32106.0,38600.0,"MSC (Nendaz Oceanway Ltd c/o Log-In Logística Intermodal, grupo MSC)",True,Confirmada,Afretada,"Operadores: Flexport Atlas 25-26/09/2026 | escala o Brasil no serviço atual (set/2026) (próximo porto Santos); Atlas lista CMA-CGM e Mercosul (PLATAMRC) e Hapag-Lloyd (NCF/IRL) | ex-Arosia (2017), MSC Davos (2013), Vasco da Gama (2006); fonte secundária dá owner Döhle — falta MagicPort | Titularidade corrigida 27/09/2026: MagicPort — registered owner Nendaz Oceanway Ltd c/o Log-In Logística Intermodal (padrão de SPV MSC), commercial+ISM Log-In → grupo MSC; operadores CMA CGM e Hapag-Lloyd → Afretada confirmada; pista Döhle (fonte secundária) descartada"
9471898,LOG-IN JATOBA,2814.0,400,estimado (NÃO observado) — 15% capado no teto de classe (400 TEU),Feeder / Sub-Panamax,2012.0,Log-In,"CMA CGM, Hapag-Lloyd, Log-In, MSC",partilhado,Não verificada,"CMA CGM, Hapag-Lloyd, MSC",PLATAMRC/NCF/SAS,Brasil,218.0,,28554.0,37968.0,Log-In Navegação Ltda (grupo MSC),True,Confirmada,Propria,"Operadores: Flexport Atlas 25-26/09/2026 | Titularidade: MagicPort 26/09/2026 (commercial e ISM Log-In Logística Intermodal) | escala o Brasil no serviço atual (set/2026) (próximo porto Navegantes); Atlas lista CMA-CGM e Mercosul (PLATAMRC), Hapag-Lloyd (NCF/IRL), Log-In e MSC (SAS)"
9602875,SEBASTIAO CABOTO,3868.0,580,estimado (NÃO observado) — 15% da capacidade TEU,Panamax,2013.0,Maersk,"Maersk, Hapag-Lloyd, Log-In",partilhado,Não verificada,"Hapag-Lloyd, Log-In",G1D/NCF/SMN,Brasil,228.0,,42564.0,52065.0,Aliança Navegação (grupo Maersk),True,Confirmada,Propria,"Operadores: Flexport Atlas 25-26/09/2026 | Titularidade: MagicPort 26/09/2026 (owner, commercial e ISM Aliança) | escala o Brasil no serviço atual (set/2026) (próximo porto Pecém); Atlas lista ANRM e Maersk no G1D; irmão de Pedro Alvares Cabral e Fernao de Magalhaes"
9539494,MERCOSUL GUARUJA,3421.0,513,estimado (NÃO observado) — 15% da capacidade TEU,Panamax,2013.0,CMA CGM,CMA CGM,exclusivo,Não verificada,,BRACOMRC,Brasil,228.0,,39753.0,45878.0,"CMA CGM (CMA CGM SA The French Line, direto)",True,Confirmada,Propria,Operadores: Flexport Atlas 25-26/09/2026 | Titularidade: MagicPort 26/09/2026 (commercial e ISM Mercosul Line) | escala o Brasil no serviço atual (set/2026) (próximo porto Rio de Janeiro); Atlas lista CMA-CGM e Mercosul no mesmo serviço (grupo CMA CGM)
9410260,AS SAMANTA,1713.0,257,estimado (NÃO observado) — 15% da capacidade TEU,Feeder / Sub-Panamax,2009.0,Maersk,Maersk,exclusivo,Não verificada,,,Libéria,175.0,,18123.0,22314.0,"AS Samanta Schiffahrts (c/o Harper Petersen, Hamburgo)",True,Confirmada,Afretada,"Operador INFERIDO POR SUBSTITUIÇÃO no loop (dados ANTAQ 2025), não por card de serviço | Loop Santos/Itapoá ↔ Rio da Prata (Zárate/La Plata/Rosário, trechos para Suape): 2.º navio rodou 9344643 jan-mar → AS SAMANTA abr-jul → MAERSK VENEZIA jun-dez, com AS SABINE o ano todo (SABINE, VENEZIA e CAPE SOREL confirmados Maersk exclusivo) | 1 escala isolada em fev (2.139 TEU) por explicar | Atlas 2026: Maersk AM2 + Hapag-Lloyd GUF (próximo Cartagena) | Titularidade: MagicPort 26/09/2026 (commercial Harper Petersen, ISM Wilhelmsen Ahrenkiel)"
9366512,SPIRIT OF DUBAI,1147.0,172,estimado (NÃO observado) — 15% da capacidade TEU,Feeder / Sub-Panamax,2009.0,ONE Line,ONE Line,exclusivo,Não verificada,,RPX,Portugal,148.0,,10308.0,12485.0,"Temeggong Shipping (c/o Eastaway Ship Management, Singapura)",True,Confirmada,Afretada,"Operador: anúncio do serviço RPX da ONE com este navio (Linerlytica, início 8/mai/2025) + coerência ANTAQ 2025 (27 escalas LC mai-dez, 98% Rio Grande↔Zárate/La Plata) | Dados técnicos: Flexport Atlas 26/09/2026 | Titularidade: registered owner Temeggong Shipping, ISM+commercial Eastaway Ship Management (Singapura) | Atlas 2026 (GUYANA/NSEC/GSE/IRL) NÃO usado para operador: não reflete 2025 | AIS do Atlas desatualizado (última ETA jul/2026) | Nome EA BREEZE segundo outra fonte, não confirmado no Atlas | Continuidade até dez/2025 inferida pela ANTAQ, não por fonte da ONE"
9243174,MIRADOR EXPRESS,3237.0,486,estimado (NÃO observado) — 15% da capacidade TEU,Panamax,2002.0,Hapag-Lloyd,Hapag-Lloyd,exclusivo,Não verificada,,SAT,Libéria,243.0,,40146.0,40478.0,"GG Holdings VII LLC (c/o Conbulk Shipmanagement, Pireu)",True,Confirmada,Afretada,"Operador: Atlas Past Port Calls jul-dez/2025 (só escalas do SAT: Paranaguá, Itajaí, Santos, Durban, Luanda) + rotação SAT publicada pela Hapag-Lloyd (Santos retirado a partir de nov/2025, confirmado no histórico) + coerência ANTAQ 2025 (26 escalas LC fev-dez, Luanda→Paranaguá 23%) | Dados técnicos: Flexport Atlas 26/09/2026 | Titularidade: MagicPort 26/09/2026 — registered owner GG Holdings VII LLC, ISM+commercial Conbulk Shipmanagement (Pireu); ficha antiga sem data dá owner/manager Hapag-Lloyd USA (ex-YORKTOWN EXPRESS 2021) — venda com data desconhecida: se ocorreu em 2026, em 2025 era Propria | Atlas 2026 (Hapag MIA + ONE AIM, Médio Oriente-Índia-África) NÃO usado para operador | Horários Maersk jan/abr 2025 = compra de slots provável, não registada como operador"
9143556,DUSSELDORF EXPRESS,4612.0,692,estimado (NÃO observado) — 15% da capacidade TEU,Panamax,1998.0,Hapag-Lloyd,"Hapag-Lloyd, Maersk",partilhado,Não verificada,Maersk,CON/U4G,Bermudas,293.0,32.0,53523.0,66525.0,"Hapag-Lloyd (Hapag-Lloyd AG, Hamburgo)",True,Confirmada,Propria,"Operadores: Flexport Atlas 26/09/2026 (Hapag-Lloyd CON + Maersk U4G) — regra 1 validada pelo histórico de escalas: mesmo loop ECSA↔WCSA (Itapoá, Rio, Santos, Rio Grande / Callao, Guayaquil, Arica, Antofagasta, San Antonio, San Vicente) de jun/2025 a set/2026; ANTAQ jan-nov/2025 com o mesmo padrão (Santos→Callao 17%) | Dados técnicos: Flexport Atlas 26/09/2026; Beam: site Hapag-Lloyd | Titularidade: MagicPort 26/09/2026 — registered owner e commercial Hapag-Lloyd AG, ISM Anglo-Eastern Germany (ISM terceiro não invalida — precedente MSC Anchorage); ficha antiga concorda | Parceiro antes de jun/2025 não verificado (histórico Atlas começa em jun/2025) | Reefer: site Hapag indica 0 ligações (implausível, campo provavelmente vazio) — mantido o estimado v3 | Atlas regista mais 1 escala BR por viagem do que a ANTAQ (ex.: Rio Grande 4/out/2025 ausente na ANTAQ) — a verificar"
9970002,GREENLAND,8010.0,1200,estimado (NÃO observado) — 15% capado no teto de classe (1200 TEU),Neo-Panamax,2024.0,MSC,MSC,exclusivo,Não verificada,,USA-SAEC,Malta,272.0,,72805.0,93747.0,"Danaos (Teushipper No 2 Corp c/o Danaos Shipping, Pireu)",True,Confirmada,Afretada,"Operador: Atlas Past Port Calls jun-jul/2025 (Santos, Buenos Aires, Montevideo, Rio Grande, Paranaguá, Itajaí, Santos, Rio, Salvador, Colón, Freeport, costa leste EUA = rotação publicada do serviço MSC EUA↔ECSA) + ANTAQ 2025: 21 escalas LC jan-jul, pares de carga EUA↔ECSA (New York→Santos 8,7%, Norfolk→Santos, Itajaí/Santos→Cristobal); nenhuma escala após jul nas duas fontes | Dados técnicos: Flexport Atlas 26/09/2026 | Titularidade: registered owner Teushipper No 2 Corp c/o Danaos (Pireu), ISM+commercial Danaos | Mesmo serviço MSC do KURE em 2025 | Compra de slots por outras linhas neste serviço não verificada | Desde ago/2025 fora do Brasil (Médio Oriente/Índia–EUA)"
9302102,RDO ENDEAVOUR,5642.0,846,estimado (NÃO observado) — 15% da capacidade TEU,Neo-Panamax,2006.0,Múltiplos,"Hapag-Lloyd, MSC, ONE Line, Maersk",partilhado,Não verificada,"Hapag-Lloyd, MSC, ONE Line, Maersk",GS1/UHA/ANG/GULF-SAEC2,Libéria,284.0,,68570.0,75070.0,"Deotrans Schiffahrts (c/o D. Oltmann GmbH & Co KG, Bremen)",True,Confirmada,Afretada,"Dados técnicos: Flexport Atlas 26/09/2026 | Serviço Golfo↔ECSA partilhado em 2025 por Hapag-Lloyd (GS1), MSC (Gulf to SAEC String 2), ONE (ANG) e Maersk (Gulfex/UHA) — rotação publicada (KN, mai/2025) = histórico Atlas; operador que fornece o navio ao consórcio não identificado → Múltiplos | Atlas Past Port Calls jul-out/2025 no serviço; ANTAQ jan-out com os mesmos pares (Houston→Santos/Suape, Cartagena↔Santos); saiu para a Ásia após 26/out/2025 (ANTAQ nov-dez = 0) | Titularidade: MagicPort 26/09/2026 — commercial Oltmann, ISM CPO Containerschiffreederei"
9407160,SEASPAN EMPIRE,5041.0,756,estimado (NÃO observado) — 15% da capacidade TEU,Neo-Panamax,2010.0,Múltiplos,"Hapag-Lloyd, MSC, ONE Line, Maersk",partilhado,Não verificada,"Hapag-Lloyd, MSC, ONE Line, Maersk",GS1/UHA/ANG/GULF-SAEC2,Singapura,294.0,,54940.0,67000.0,"Seaspan (Seaspan 1973 Pte Ltd, gestão Seaspan Ship Management, Vancouver)",True,Confirmada,Afretada,"Dados técnicos: Flexport Atlas 26/09/2026 | Serviço Golfo↔ECSA partilhado em 2025 por Hapag-Lloyd (GS1), MSC (Gulf to SAEC String 2), ONE (ANG) e Maersk (Gulfex/UHA) — rotação publicada (KN, mai/2025) = histórico Atlas; operador que fornece o navio ao consórcio não identificado → Múltiplos | SERVIÇO DOMINANTE POR TEU: Golfo mar-out/2025 = 23.636 TEU (77%); a partir de 6/nov/2025 passou para CON/U4G (Hapag-Lloyd/Maersk) = 7.095 TEU (23%) — atribuídos aqui ao serviço dominante | Mar-set sem histórico Atlas: serviço inferido pelos pares ANTAQ | Titularidade: MagicPort 26/09/2026"
9085522,KURE,7403.0,703,observado — ficha do navio,Neo-Panamax,1996.0,MSC,MSC,exclusivo,Não verificada,,USA-SAEC,Libéria,318.0,42.8,81488.0,96103.0,"Kelsen Shipping Co (c/o Costamare Shipping, Atenas)",True,Confirmada,Afretada,"Dados técnicos: Flexport Atlas 26/09/2026 | Operador: Atlas Past Port Calls jun-ago/2025 = rotação do serviço MSC EUA↔ECSA (mesmo loop do GREENLAND) | SERVIÇO DOMINANTE POR TEU: abr-ago/2025 = 88% do TEU LC; jan e mar (12%) sem serviço identificado | Depois de set/2025 fora do Brasil; hoje MSC EMPIRE | Titularidade: MagicPort 26/09/2026 — commercial Costamare, ISM V.Ships Greece | Ficha 21/06/2025: ex-MAERSK KURE, ex-REGINA MAERSK; TEU nominal 6.418 (Atlas 7.403, mantido Atlas); Beam e reefer (703) da ficha"
9211494,W KYRENIA,6802.0,1020,estimado (NÃO observado) — 15% da capacidade TEU,Neo-Panamax,2001.0,Maersk,Maersk,exclusivo,Não verificada,,EXTRALOADER,Ilhas Marshall,300.0,43.0,80609.0,93552.0,"Maersk (Kauai Shipping Ltd c/o Maersk A/S, Copenhaga)",True,Confirmada,Propria,"Operador: navio próprio Maersk (MagicPort 26/09/2026: registered owner Kauai Shipping Ltd c/o Maersk A/S, commercial Maersk A/S, ISM Bernhard Schulte UK) + Econdb (operador Maersk; serviço atual LAM Extraloader / Empties Positioning) | ANTAQ 2025: só 2 escalas LC (jul 11.079 TEU, out 12.745 TEU), pares de carga Santos↔Singapore/Shanghai/Shekou — padrão coerente com extraloader/reposicionamento de vazios | Serviço de 2025 não verificado por histórico Atlas (sem ficha Atlas) | Dados técnicos: LOA/DWT/GT MagicPort, TEU e Beam Econdb (desvio à regra 'técnicos do Atlas') | Ex-P&O Nedlloyd Shackleton / MAERSK KYRENIA"
9252541,MSC MAGNUM VII,6732.0,1010,estimado (NÃO observado) — 15% da capacidade TEU,Neo-Panamax,2003.0,MSC,MSC,exclusivo,Não verificada,,USA-SAEC,Libéria,299.0,,75590.0,97557.0,MSC (Aquata Navigation Ltd c/o MSC Shipmanagement Limassol),True,Confirmada,Propria,"Dados técnicos: Flexport Atlas 27/09/2026 | Operador: Atlas Past Port Calls 2025 — escalas no Brasil só no serviço MSC EUA↔ECSA (Santos, Buenos Aires, Montevideo, Paranaguá, Itajaí, Rio Grande, Rio, Salvador, Colón, Freeport, costa leste EUA), o mesmo loop do KURE e do GREENLAND | Serviços de 2026 NÃO usados | Jun-ago/2025 no Mediterrâneo↔costa leste EUA (fora do Brasil); Brasil set-dez/2025; jan-mai/2025 sem histórico — MSC por ser navio próprio da marca | Atlas 2026: Maersk UHD + MSC GULF-SAEC1 (não usado) | Titularidade: MagicPort 27/09/2026 — commercial e ISM MSC Shipmanagement"
9278155,MSC NERISSA V,5059.0,400,observado — ficha do navio,Neo-Panamax,2004.0,MSC,MSC,exclusivo,Não verificada,,USA-SAEC,Panamá,294.0,32.25,54881.0,72902.0,"MSC (Compania Naviera Lasma SA c/o MSC Mediterranean Shipping Co, Genebra)",True,Confirmada,Propria,"Dados técnicos: Flexport Atlas 27/09/2026 | Operador: Atlas Past Port Calls 2025 — escalas no Brasil só no serviço MSC EUA↔ECSA (Santos, Buenos Aires, Montevideo, Paranaguá, Itajaí, Rio Grande, Rio, Salvador, Colón, Freeport, costa leste EUA), o mesmo loop do KURE e do GREENLAND | Serviços de 2026 NÃO usados | Jul/2025 Médio Oriente/Índia; Brasil set-out e nov-dez/2025 | Titularidade NÃO confirmada: só ficha técnica 20/07/2020 (ainda como MSC NERISSA) — registered owner Altair Carriers Company SA (Panamá, sem morada c/o MSC), manager MSC Shipmanagement, operador MSC; renomeado NERISSA V (sufixo pode indicar mudança de dono); falta MagicPort | Beam e reefer (400) da ficha 2020; TEU ficha 5.048 vs Atlas 5.059 (mantido Atlas) | Fisicamente Panamax (Beam 32,25 m), classe Neo-Panamax pela regra de TEU | Titularidade confirmada 28/09/2026: MagicPort — registered owner Compania Naviera Lasma SA c/o MSC Genebra, commercial MSC Mediterranean Shipping Co, ISM MSC Shipmanagement | Em 2020 o owner era Altair Carriers Company SA (ficha 20/07/2020): mudança de dono coerente com o renome NERISSA → NERISSA V"
9525376,MAERSK CHAMBAL,4496.0,674,estimado (NÃO observado) — 15% da capacidade TEU,Panamax,2012.0,Maersk,"Maersk, MSC",partilhado,Não verificada,MSC,UHD/GULF-SAEC1,Hong Kong,249.0,,50714.0,61614.0,Maersk (Maersk Shipping Hong Kong Ltd c/o Maersk A/S),True,Confirmada,Propria,"Dados técnicos: Flexport Atlas 28/09/2026 | Operador (regra 0): ANTAQ só out e dez/2025 (8.374 + 7.157 TEU), 100% cobertos pelo histórico Atlas no loop Golfo↔ECSA (Houston, Veracruz, Cartagena, Santos, Itapoá, Paranaguá, Rio) = Maersk UHD + MSC GULF-SAEC1, o mesmo em 2026 | Jun-ago/2025 no Norte da Europa/Báltico | {MP} — commercial Moller Singapore AP, ISM Maersk A/S"
9224300,TINCAN EXPRESS,4253.0,400,observado — ficha do navio,Panamax,2001.0,Hapag-Lloyd,"Hapag-Lloyd, Maersk",partilhado,Não verificada,Maersk,CON/U4G,Singapura,259.0,32.35,39892.0,50790.0,"Seaspan (Seaspan 1342 Pte Ltd, gestão Seaspan Ship Management, Vancouver)",True,Confirmada,Afretada,"Dados técnicos: Flexport Atlas 28/09/2026 | Operador INFERIDO (trade + marca, sem histórico Atlas): ANTAQ só jan-jun/2025, pares Santos→Callao 16%, San Antonio, Guayaquil = mesmo loop ECSA↔WCSA do DUSSELDORF EXPRESS (Hapag CON + Maersk U4G, confirmado por histórico); nome 'Express' = padrão Hapag para fretamentos longos | Parceiro em jan/2025 (antes da Gemini) não verificado | Histórico Atlas só desde set/2025, sem Brasil; hoje Hapag WC1 | Titularidade: MagicPort 28/09/2026 | Beam e reefer (400): ficha 06/10/2015 (ex-SEASPAN HAMBURG, CSAV LICANTEN, CSCL HAMBURG)"
9709207,CMA CGM MARSEILLE,2140.0,321,estimado (NÃO observado) — 15% da capacidade TEU,Feeder / Sub-Panamax,2015.0,CMA CGM,"CMA CGM, Marfret",partilhado,Não verificada,Marfret,NEFGUI/SAS,Malta,190.0,,26645.0,27322.0,"CMA CGM (Guyane 4093 c/o CMA CGM SA, Marselha)",True,Confirmada,Propria,"Dados técnicos: Flexport Atlas 28/09/2026 | Operadores: Atlas 2026 (CMA CGM NEFGUI + Marfret SAS) validados pelo histórico — o mesmo loop Norte da Europa↔Caraíbas/Guiana↔Vila do Conde/Fortaleza de jun/2025 a set/2026; ANTAQ fev-set/2025 (pares Fortaleza↔Rotterdam/London/Vigo/Port of Spain) | Titularidade: MagicPort 28/09/2026 — commercial CMA CGM, ISM CMA Ships"
9709219,CMA CGM SAINT LAURENT,2140.0,321,estimado (NÃO observado) — 15% da capacidade TEU,Feeder / Sub-Panamax,2015.0,CMA CGM,"CMA CGM, Marfret",partilhado,Não verificada,Marfret,NEFGUI/SAS,França,190.0,,26645.0,27322.0,"CMA CGM (Guyane 4094 c/o CMA CGM SA, Marselha)",True,Confirmada,Propria,"Dados técnicos: Flexport Atlas 28/09/2026 | Operadores: Atlas 2026 (CMA CGM NEFGUI + Marfret SAS) validados pelo histórico — o mesmo loop de jun/2025 a set/2026; ANTAQ jan-dez/2025 com o mesmo padrão (Fortaleza↔Rotterdam/Vigo/London) | Titularidade: MagicPort 28/09/2026 — commercial CMA CGM, ISM CMA Ships | MagicPort lista como CMA CGM ST. LAURENT"
